origin,destination,volume
0,1,8
0,2,7
0,3,13
0,4,10
0,5,15
0,6,33
0,7,24
0,8,30
0,9,5
0,10,2
0,11,4
0,12,2
0,13,2
0,14,9
0,15,6
0,16,6
0,17,7
0,18,6
0,19,6
0,20,2
0,21,3
0,22,3
0,23,3
0,24,2
0,25,5
0,26,2
0,27,6
0,28,2
0,29,2
0,30,2
0,31,1
0,32,1
0,33,2
0,34,3
0,35,1
0,36,10
0,37,11
0,38,21
0,39,11
0,40,5
0,41,8
0,42,5
0,43,7
0,44,3
0,45,6
0,46,6
0,47,5
0,48,3
0,49,17
0,50,10
0,51,8
0,52,2
0,53,1
0,54,3
0,55,4
0,56,1
0,57,2
0,58,1
0,59,2
0,60,4
0,61,5
0,62,2
0,63,4
0,64,4
0,65,4
0,66,7
0,67,4
0,68,3
0,69,3
0,70,2
0,71,1
0,72,3
0,73,1
0,74,4
0,75,4
0,76,1
0,77,15
0,78,15
0,79,6
0,80,5
0,81,10
0,82,3
0,83,3
0,84,4
0,85,2
0,86,2
0,87,2
0,88,2
0,89,2
0,90,2
0,91,4
0,92,1
0,93,2
0,94,1
0,95,6
0,96,2
0,97,1
1,0,8
1,2,1
1,3,3
1,4,2
1,5,3
1,6,5
1,7,6
1,8,4
1,9,2
1,10,1
1,11,2
1,12,1
1,13,1
1,14,3
1,15,2
1,16,2
1,17,2
1,18,2
1,19,2
1,20,1
1,21,1
1,22,1
1,23,2
1,24,1
1,25,2
1,26,1
1,27,2
1,28,1
1,29,1
1,30,1
1,31,1
1,32,1
1,33,1
1,34,1
1,35,1
1,36,2
1,37,2
1,38,3
1,39,3
1,40,2
1,41,4
1,42,2
1,43,2
1,44,1
1,45,2
1,46,2
1,47,1
1,48,1
1,49,3
1,50,2
1,51,3
1,52,1
1,53,1
1,54,1
1,55,1
1,56,1
1,57,1
1,58,1
1,59,1
1,60,2
1,61,2
1,62,1
1,63,1
1,64,1
1,65,1
1,66,2
1,67,2
1,68,1
1,69,2
1,70,1
1,71,1
1,72,1
1,73,1
1,74,2
1,75,2
1,76,1
1,77,3
1,78,4
1,79,2
1,80,1
1,81,3
1,82,1
1,83,1
1,84,1
1,85,1
1,86,1
1,87,1
1,88,1
1,89,1
1,90,1
1,91,2
1,92,1
1,93,1
1,94,1
1,95,1
1,96,1
1,97,1
2,0,7
2,1,1
2,3,2
2,4,2
2,5,3
2,6,6
2,7,4
2,8,5
2,9,2
2,10,1
2,11,2
2,12,1
2,13,1
2,14,3
2,15,2
2,16,2
2,17,2
2,18,2
2,19,2
2,20,1
2,21,1
2,22,1
2,23,1
2,24,1
2,25,2
2,26,1
2,27,2
2,28,1
2,29,1
2,30,1
2,31,1
2,32,1
2,33,1
2,34,1
2,35,1
2,36,2
2,37,2
2,38,4
2,39,3
2,40,2
2,41,3
2,42,1
2,43,2
2,44,1
2,45,2
2,46,2
2,47,2
2,48,1
2,49,3
2,50,2
2,51,2
2,52,1
2,53,1
2,54,1
2,55,1
2,56,1
2,57,1
2,58,1
2,59,1
2,60,1
2,61,2
2,62,1
2,63,1
2,64,1
2,65,1
2,66,2
2,67,1
2,68,1
2,69,1
2,70,1
2,71,1
2,72,1
2,73,1
2,74,2
2,75,2
2,76,1
2,77,3
2,78,3
2,79,2
2,80,1
2,81,3
2,82,1
2,83,1
2,84,1
2,85,1
2,86,1
2,87,1
2,88,1
2,89,1
2,90,1
2,91,2
2,92,1
2,93,1
2,94,1
2,95,2
2,96,1
2,97,1
3,0,13
3,1,3
3,2,2
3,4,4
3,5,5
3,6,12
3,7,7
3,8,10
3,9,3
3,10,1
3,11,3
3,12,2
3,13,1
3,14,5
3,15,3
3,16,3
3,17,3
3,18,3
3,19,3
3,20,2
3,21,2
3,22,1
3,23,2
3,24,2
3,25,3
3,26,1
3,27,3
3,28,1
3,29,2
3,30,2
3,31,1
3,32,1
3,33,2
3,34,2
3,35,1
3,36,5
3,37,4
3,38,8
3,39,5
3,40,3
3,41,6
3,42,2
3,43,3
3,44,2
3,45,3
3,46,3
3,47,3
3,48,2
3,49,8
3,50,5
3,51,4
3,52,1
3,53,1
3,54,1
3,55,2
3,56,1
3,57,1
3,58,1
3,59,1
3,60,2
3,61,3
3,62,2
3,63,2
3,64,2
3,65,2
3,66,3
3,67,3
3,68,2
3,69,3
3,70,2
3,71,1
3,72,2
3,73,1
3,74,3
3,75,3
3,76,1
3,77,6
3,78,7
3,79,3
3,80,2
3,81,6
3,82,1
3,83,1
3,84,2
3,85,1
3,86,1
3,87,2
3,88,1
3,89,1
3,90,2
3,91,3
3,92,1
3,93,1
3,94,1
3,95,3
3,96,1
3,97,1
4,0,10
4,1,2
4,2,2
4,3,4
4,5,6
4,6,14
4,7,9
4,8,12
4,9,3
4,10,1
4,11,2
4,12,1
4,13,1
4,14,4
4,15,2
4,16,2
4,17,2
4,18,2
4,19,2
4,20,1
4,21,1
4,22,1
4,23,2
4,24,1
4,25,3
4,26,1
4,27,3
4,28,1
4,29,1
4,30,1
4,31,1
4,32,1
4,33,1
4,34,1
4,35,1
4,36,4
4,37,4
4,38,9
4,39,4
4,40,3
4,41,5
4,42,2
4,43,3
4,44,2
4,45,4
4,46,4
4,47,3
4,48,2
4,49,7
4,50,4
4,51,3
4,52,1
4,53,1
4,54,1
4,55,1
4,56,1
4,57,1
4,58,1
4,59,1
4,60,2
4,61,2
4,62,1
4,63,1
4,64,2
4,65,1
4,66,3
4,67,2
4,68,1
4,69,1
4,70,1
4,71,1
4,72,1
4,73,1
4,74,2
4,75,2
4,76,1
4,77,6
4,78,4
4,79,3
4,80,2
4,81,4
4,82,1
4,83,1
4,84,2
4,85,1
4,86,1
4,87,1
4,88,1
4,89,1
4,90,1
4,91,2
4,92,1
4,93,1
4,94,1
4,95,3
4,96,1
4,97,1
5,0,15
5,1,3
5,2,3
5,3,5
5,4,6
5,6,9
5,7,9
5,8,8
5,9,4
5,10,1
5,11,4
5,12,2
5,13,2
5,14,5
5,15,4
5,16,4
5,17,3
5,18,3
5,19,3
5,20,2
5,21,2
5,22,1
5,23,3
5,24,2
5,25,4
5,26,2
5,27,4
5,28,2
5,29,3
5,30,3
5,31,2
5,32,2
5,33,2
5,34,3
5,35,2
5,36,5
5,37,4
5,38,6
5,39,8
5,40,4
5,41,8
5,42,3
5,43,4
5,44,1
5,45,3
5,46,4
5,47,2
5,48,3
5,49,7
5,50,5
5,51,5
5,52,1
5,53,1
5,54,2
5,55,2
5,56,1
5,57,2
5,58,1
5,59,1
5,60,3
5,61,3
5,62,2
5,63,3
5,64,3
5,65,2
5,66,5
5,67,4
5,68,2
5,69,5
5,70,2
5,71,2
5,72,4
5,73,2
5,74,5
5,75,4
5,76,2
5,77,5
5,78,9
5,79,3
5,80,2
5,81,8
5,82,2
5,83,2
5,84,3
5,85,2
5,86,1
5,87,2
5,88,2
5,89,2
5,90,3
5,91,6
5,92,1
5,93,1
5,94,2
5,95,2
5,96,1
5,97,1
6,0,33
6,1,5
6,2,6
6,3,13
6,4,15
6,5,9
6,7,19
6,8,10
6,9,7
6,10,2
6,11,11
6,12,3
6,13,2
6,14,9
6,15,7
6,16,8
6,17,6
6,18,6
6,19,8
6,20,5
6,21,5
6,22,1
6,23,6
6,24,4
6,25,9
6,26,4
6,27,10
6,28,5
6,29,7
6,30,8
6,31,5
6,32,4
6,33,2
6,34,8
6,35,4
6,36,9
6,37,4
6,38,8
6,39,15
6,40,9
6,41,16
6,42,7
6,43,10
6,44,1
6,45,4
6,46,6
6,47,4
6,48,6
6,49,10
6,50,9
6,51,11
6,52,2
6,53,2
6,54,3
6,55,5
6,56,2
6,57,3
6,58,3
6,59,3
6,60,6
6,61,8
6,62,4
6,63,7
6,64,7
6,65,5
6,66,13
6,67,10
6,68,6
6,69,12
6,70,7
6,71,6
6,72,11
6,73,6
6,74,12
6,75,11
6,76,5
6,77,8
6,78,19
6,79,6
6,80,2
6,81,16
6,82,3
6,83,4
6,84,7
6,85,4
6,86,1
6,87,5
6,88,6
6,89,6
6,90,8
6,91,15
6,92,1
6,93,2
6,94,4
6,95,3
6,96,3
6,97,1
7,0,24
7,1,5
7,2,4
7,3,7
7,4,10
7,5,9
7,6,19
7,8,12
7,9,5
7,10,2
7,11,6
7,12,3
7,13,2
7,14,7
7,15,5
7,16,6
7,17,5
7,18,5
7,19,6
7,20,3
7,21,4
7,22,2
7,23,3
7,24,3
7,25,6
7,26,2
7,27,6
7,28,2
7,29,4
7,30,4
7,31,2
7,32,2
7,33,3
7,34,4
7,35,3
7,36,7
7,37,6
7,38,11
7,39,10
7,40,5
7,41,11
7,42,4
7,43,5
7,44,2
7,45,4
7,46,5
7,47,4
7,48,3
7,49,10
7,50,8
7,51,7
7,52,2
7,53,1
7,54,3
7,55,4
7,56,2
7,57,2
7,58,2
7,59,1
7,60,4
7,61,5
7,62,2
7,63,4
7,64,4
7,65,3
7,66,6
7,67,6
7,68,3
7,69,7
7,70,3
7,71,3
7,72,6
7,73,2
7,74,6
7,75,6
7,76,2
7,77,8
7,78,13
7,79,4
7,80,3
7,81,12
7,82,2
7,83,3
7,84,5
7,85,2
7,86,1
7,87,3
7,88,3
7,89,3
7,90,4
7,91,7
7,92,1
7,93,2
7,94,2
7,95,4
7,96,2
7,97,1
8,0,31
8,1,4
8,2,5
8,3,10
8,4,13
8,5,8
8,6,10
8,7,12
8,9,6
8,10,2
8,11,9
8,12,4
8,13,2
8,14,9
8,15,8
8,16,9
8,17,7
8,18,7
8,19,9
8,20,5
8,21,6
8,22,1
8,23,5
8,24,4
8,25,8
8,26,3
8,27,9
8,28,5
8,29,6
8,30,6
8,31,4
8,32,4
8,33,1
8,34,7
8,35,3
8,36,7
8,37,3
8,38,5
8,39,13
8,40,8
8,41,14
8,42,6
8,43,7
8,44,1
8,45,2
8,46,5
8,47,4
8,48,5
8,49,7
8,50,6
8,51,12
8,52,3
8,53,2
8,54,4
8,55,6
8,56,2
8,57,3
8,58,3
8,59,2
8,60,6
8,61,8
8,62,3
8,63,7
8,64,7
8,65,5
8,66,9
8,67,8
8,68,5
8,69,11
8,70,7
8,71,5
8,72,10
8,73,5
8,74,10
8,75,11
8,76,4
8,77,7
8,78,17
8,79,5
8,80,2
8,81,15
8,82,4
8,83,4
8,84,8
8,85,3
8,86,1
8,87,4
8,88,5
8,89,6
8,90,7
8,91,13
8,92,1
8,93,2
8,94,4
8,95,3
8,96,3
8,97,1
9,0,5
9,1,2
9,2,2
9,3,3
9,4,3
9,5,3
9,6,6
9,7,5
9,8,4
9,10,8
9,11,39
9,12,9
9,13,12
9,14,3
9,15,3
9,16,3
9,17,2
9,18,2
9,19,3
9,20,2
9,21,2
9,22,1
9,23,3
9,24,2
9,25,4
9,26,3
9,27,5
9,28,2
9,29,2
9,30,3
9,31,2
9,32,2
9,33,2
9,34,4
9,35,2
9,36,3
9,37,2
9,38,3
9,39,3
9,40,2
9,41,3
9,42,2
9,43,2
9,44,14
9,45,35
9,46,41
9,47,22
9,48,17
9,49,3
9,50,2
9,51,3
9,52,1
9,53,1
9,54,1
9,55,2
9,56,1
9,57,2
9,58,1
9,59,2
9,60,2
9,61,4
9,62,2
9,63,4
9,64,3
9,65,3
9,66,6
9,67,5
9,68,3
9,69,4
9,70,3
9,71,2
9,72,5
9,73,2
9,74,7
9,75,6
9,76,3
9,77,2
9,78,4
9,79,1
9,80,22
9,81,4
9,82,1
9,83,2
9,84,2
9,85,2
9,86,1
9,87,2
9,88,2
9,89,2
9,90,4
9,91,7
9,92,1
9,93,1
9,94,1
9,95,1
9,96,1
9,97,1
10,0,3
10,1,1
10,2,1
10,3,2
10,4,2
10,5,1
10,6,2
10,7,2
10,8,1
10,9,7
10,11,15
10,12,4
10,13,3
10,14,1
10,15,2
10,16,2
10,17,2
10,18,2
10,19,2
10,20,1
10,21,2
10,22,1
10,23,2
10,24,1
10,25,2
10,26,2
10,27,3
10,28,1
10,29,2
10,30,2
10,31,1
10,32,1
10,33,1
10,34,2
10,35,1
10,36,1
10,37,1
10,38,1
10,39,2
10,40,1
10,41,2
10,42,1
10,43,1
10,44,3
10,45,7
10,46,11
10,47,6
10,48,7
10,49,1
10,50,1
10,51,3
10,52,1
10,53,1
10,54,1
10,55,2
10,56,1
10,57,1
10,58,1
10,59,1
10,60,2
10,61,2
10,62,1
10,63,3
10,64,2
10,65,2
10,66,3
10,67,3
10,68,2
10,69,3
10,70,2
10,71,1
10,72,3
10,73,2
10,74,4
10,75,3
10,76,1
10,77,1
10,78,2
10,79,1
10,80,3
10,81,2
10,82,1
10,83,2
10,84,2
10,85,1
10,86,1
10,87,2
10,88,2
10,89,1
10,90,3
10,91,4
10,92,1
10,93,1
10,94,1
10,95,1
10,96,1
10,97,1
11,0,4
11,1,2
11,2,2
11,3,3
11,4,2
11,5,4
11,6,8
11,7,5
11,8,7
11,9,42
11,10,17
11,12,13
11,13,13
11,14,3
11,15,2
11,16,2
11,17,1
11,18,1
11,19,2
11,20,3
11,21,3
11,22,3
11,23,3
11,24,2
11,25,4
11,26,3
11,27,6
11,28,4
11,29,3
11,30,5
11,31,4
11,32,5
11,33,4
11,34,6
11,35,5
11,36,2
11,37,2
11,38,3
11,39,2
11,40,2
11,41,2
11,42,1
11,43,2
11,44,16
11,45,49
11,46,38
11,47,38
11,48,14
11,49,4
11,50,3
11,51,4
11,52,1
11,53,1
11,54,1
11,55,3
11,56,2
11,57,2
11,58,1
11,59,2
11,60,3
11,61,2
11,62,2
11,63,4
11,64,4
11,65,3
11,66,8
11,67,4
11,68,4
11,69,6
11,70,5
11,71,5
11,72,10
11,73,4
11,74,5
11,75,6
11,76,6
11,77,2
11,78,3
11,79,1
11,80,31
11,81,3
11,82,1
11,83,2
11,84,3
11,85,1
11,86,1
11,87,3
11,88,5
11,89,6
11,90,5
11,91,8
11,92,2
11,93,1
11,94,3
11,95,1
11,96,2
11,97,1
12,0,2
12,1,1
12,2,1
12,3,1
12,4,1
12,5,1
12,6,3
12,7,2
12,8,3
12,9,10
12,10,4
12,11,13
12,13,4
12,14,1
12,15,1
12,16,1
12,17,1
12,18,1
12,19,1
12,20,1
12,21,1
12,22,1
12,23,1
12,24,1
12,25,1
12,26,1
12,27,2
12,28,1
12,29,2
12,30,2
12,31,1
12,32,1
12,33,2
12,34,2
12,35,2
12,36,1
12,37,1
12,38,2
12,39,1
12,40,1
12,41,1
12,42,1
12,43,1
12,44,8
12,45,22
12,46,20
12,47,16
12,48,6
12,49,2
12,50,1
12,51,1
12,52,1
12,53,1
12,54,1
12,55,1
12,56,1
12,57,1
12,58,1
12,59,1
12,60,1
12,61,2
12,62,1
12,63,2
12,64,1
12,65,2
12,66,2
12,67,3
12,68,1
12,69,3
12,70,1
12,71,1
12,72,2
12,73,1
12,74,2
12,75,2
12,76,1
12,77,1
12,78,1
12,79,1
12,80,15
12,81,1
12,82,1
12,83,1
12,84,1
12,85,1
12,86,1
12,87,2
12,88,1
12,89,1
12,90,2
12,91,2
12,92,1
12,93,1
12,94,1
12,95,1
12,96,1
12,97,1
13,0,3
13,1,1
13,2,1
13,3,2
13,4,2
13,5,2
13,6,2
13,7,2
13,8,2
13,9,11
13,10,3
13,11,12
13,12,4
13,14,1
13,15,2
13,16,2
13,17,1
13,18,2
13,19,2
13,20,2
13,21,2
13,22,1
13,23,2
13,24,1
13,25,2
13,26,2
13,27,3
13,28,2
13,29,3
13,30,3
13,31,2
13,32,2
13,33,1
13,34,3
13,35,2
13,36,1
13,37,1
13,38,1
13,39,2
13,40,1
13,41,2
13,42,1
13,43,1
13,44,3
13,45,10
13,46,12
13,47,10
13,48,7
13,49,2
13,50,1
13,51,3
13,52,1
13,53,1
13,54,1
13,55,2
13,56,1
13,57,2
13,58,1
13,59,1
13,60,2
13,61,2
13,62,1
13,63,3
13,64,2
13,65,2
13,66,3
13,67,4
13,68,2
13,69,5
13,70,3
13,71,3
13,72,4
13,73,3
13,74,3
13,75,3
13,76,3
13,77,1
13,78,2
13,79,1
13,80,7
13,81,2
13,82,1
13,83,2
13,84,2
13,85,1
13,86,1
13,87,2
13,88,2
13,89,2
13,90,3
13,91,5
13,92,1
13,93,1
13,94,2
13,95,1
13,96,1
13,97,1
14,0,9
14,1,3
14,2,3
14,3,5
14,4,4
14,5,5
14,6,9
14,7,7
14,8,8
14,9,3
14,10,1
14,11,2
14,12,1
14,13,1
14,15,2
14,16,2
14,17,1
14,18,1
14,19,2
14,20,1
14,21,1
14,22,2
14,23,2
14,24,1
14,25,2
14,26,1
14,27,3
14,28,1
14,29,2
14,30,3
14,31,1
14,32,2
14,33,2
14,34,2
14,35,2
14,36,3
14,37,3
14,38,6
14,39,4
14,40,3
14,41,4
14,42,2
14,43,3
14,44,1
14,45,3
14,46,3
14,47,3
14,48,2
14,49,5
14,50,3
14,51,2
14,52,1
14,53,1
14,54,1
14,55,2
14,56,1
14,57,1
14,58,1
14,59,1
14,60,1
14,61,2
14,62,1
14,63,2
14,64,2
14,65,1
14,66,2
14,67,2
14,68,2
14,69,3
14,70,2
14,71,2
14,72,3
14,73,2
14,74,3
14,75,2
14,76,2
14,77,4
14,78,5
14,79,2
14,80,2
14,81,3
14,82,1
14,83,1
14,84,2
14,85,1
14,86,1
14,87,2
14,88,2
14,89,2
14,90,2
14,91,4
14,92,1
14,93,1
14,94,2
14,95,2
14,96,1
14,97,1
15,0,7
15,1,2
15,2,2
15,3,3
15,4,2
15,5,3
15,6,6
15,7,5
15,8,6
15,9,2
15,10,2
15,11,2
15,12,1
15,13,2
15,14,2
15,16,17
15,17,23
15,18,21
15,19,23
15,20,2
15,21,3
15,22,2
15,23,13
15,24,9
15,25,21
15,26,1
15,27,4
15,28,1
15,29,2
15,30,1
15,31,1
15,32,1
15,33,1
15,34,1
15,35,1
15,36,2
15,37,3
15,38,4
15,39,3
15,40,2
15,41,3
15,42,2
15,43,2
15,44,3
15,45,3
15,46,4
15,47,4
15,48,2
15,49,4
15,50,2
15,51,29
15,52,8
15,53,4
15,54,10
15,55,4
15,56,1
15,57,1
15,58,4
15,59,6
15,60,13
15,61,15
15,62,1
15,63,2
15,64,2
15,65,2
15,66,3
15,67,3
15,68,1
15,69,2
15,70,1
15,71,1
15,72,1
15,73,1
15,74,1
15,75,1
15,76,1
15,77,4
15,78,3
15,79,2
15,80,5
15,81,2
15,82,9
15,83,2
15,84,3
15,85,6
15,86,1
15,87,2
15,88,1
15,89,1
15,90,1
15,91,1
15,92,1
15,93,5
15,94,1
15,95,2
15,96,1
15,97,1
16,0,7
16,1,2
16,2,2
16,3,3
16,4,2
16,5,3
16,6,6
16,7,5
16,8,7
16,9,2
16,10,2
16,11,2
16,12,1
16,13,2
16,14,2
16,15,17
16,17,30
16,18,21
16,19,18
16,20,2
16,21,3
16,22,3
16,23,13
16,24,9
16,25,19
16,26,2
16,27,4
16,28,2
16,29,3
16,30,1
16,31,1
16,32,1
16,33,2
16,34,1
16,35,1
16,36,2
16,37,2
16,38,4
16,39,3
16,40,2
16,41,3
16,42,2
16,43,2
16,44,2
16,45,3
16,46,3
16,47,4
16,48,2
16,49,4
16,50,3
16,51,20
16,52,7
16,53,5
16,54,11
16,55,4
16,56,1
16,57,2
16,58,4
16,59,7
16,60,12
16,61,16
16,62,2
16,63,3
16,64,2
16,65,3
16,66,4
16,67,3
16,68,2
16,69,4
16,70,1
16,71,1
16,72,1
16,73,1
16,74,2
16,75,2
16,76,1
16,77,3
16,78,3
16,79,2
16,80,5
16,81,2
16,82,9
16,83,2
16,84,3
16,85,7
16,86,2
16,87,2
16,88,2
16,89,2
16,90,1
16,91,2
16,92,1
16,93,5
16,94,1
16,95,2
16,96,2
16,97,1
17,0,7
17,1,2
17,2,2
17,3,3
17,4,2
17,5,3
17,6,4
17,7,5
17,8,6
17,9,2
17,10,2
17,11,1
17,12,1
17,13,1
17,14,1
17,15,23
17,16,29
17,18,28
17,19,32
17,20,1
17,21,3
17,22,2
17,23,11
17,24,10
17,25,22
17,26,1
17,27,4
17,28,1
17,29,1
17,30,1
17,31,1
17,32,1
17,33,1
17,34,1
17,35,1
17,36,2
17,37,3
17,38,4
17,39,3
17,40,2
17,41,3
17,42,2
17,43,2
17,44,2
17,45,2
17,46,3
17,47,3
17,48,1
17,49,3
17,50,2
17,51,29
17,52,7
17,53,4
17,54,12
17,55,4
17,56,1
17,57,1
17,58,5
17,59,6
17,60,11
17,61,17
17,62,1
17,63,2
17,64,2
17,65,2
17,66,3
17,67,2
17,68,1
17,69,1
17,70,1
17,71,1
17,72,1
17,73,1
17,74,1
17,75,1
17,76,1
17,77,4
17,78,3
17,79,2
17,80,4
17,81,1
17,82,8
17,83,2
17,84,3
17,85,7
17,86,1
17,87,1
17,88,1
17,89,1
17,90,1
17,91,1
17,92,1
17,93,7
17,94,1
17,95,2
17,96,1
17,97,1
18,0,7
18,1,2
18,2,1
18,3,3
18,4,2
18,5,3
18,6,5
18,7,5
18,8,6
18,9,2
18,10,1
18,11,1
18,12,1
18,13,1
18,14,2
18,15,21
18,16,21
18,17,28
18,19,22
18,20,2
18,21,3
18,22,3
18,23,12
18,24,9
18,25,24
18,26,1
18,27,4
18,28,1
18,29,2
18,30,1
18,31,1
18,32,1
18,33,1
18,34,1
18,35,1
18,36,1
18,37,2
18,38,3
18,39,3
18,40,2
18,41,3
18,42,2
18,43,2
18,44,2
18,45,2
18,46,2
18,47,3
18,48,1
18,49,3
18,50,2
18,51,33
18,52,9
18,53,4
18,54,12
18,55,4
18,56,1
18,57,2
18,58,5
18,59,6
18,60,14
18,61,16
18,62,1
18,63,3
18,64,2
18,65,3
18,66,3
18,67,3
18,68,1
18,69,2
18,70,1
18,71,1
18,72,1
18,73,1
18,74,1
18,75,1
18,76,1
18,77,3
18,78,3
18,79,2
18,80,4
18,81,2
18,82,11
18,83,2
18,84,4
18,85,6
18,86,1
18,87,2
18,88,1
18,89,1
18,90,1
18,91,1
18,92,1
18,93,7
18,94,1
18,95,2
18,96,2
18,97,1
19,0,7
19,1,2
19,2,1
19,3,3
19,4,2
19,5,3
19,6,6
19,7,5
19,8,7
19,9,2
19,10,2
19,11,2
19,12,1
19,13,2
19,14,2
19,15,22
19,16,18
19,17,32
19,18,22
19,20,2
19,21,4
19,22,4
19,23,13
19,24,10
19,25,25
19,26,1
19,27,4
19,28,2
19,29,3
19,30,1
19,31,1
19,32,1
19,33,2
19,34,1
19,35,1
19,36,1
19,37,2
19,38,3
19,39,3
19,40,2
19,41,3
19,42,2
19,43,2
19,44,2
19,45,2
19,46,3
19,47,3
19,48,1
19,49,4
19,50,3
19,51,26
19,52,8
19,53,5
19,54,9
19,55,5
19,56,1
19,57,2
19,58,5
19,59,7
19,60,15
19,61,18
19,62,2
19,63,3
19,64,3
19,65,3
19,66,4
19,67,3
19,68,2
19,69,4
19,70,1
19,71,1
19,72,2
19,73,1
19,74,1
19,75,2
19,76,1
19,77,3
19,78,3
19,79,1
19,80,4
19,81,2
19,82,9
19,83,3
19,84,4
19,85,7
19,86,2
19,87,2
19,88,2
19,89,2
19,90,1
19,91,1
19,92,1
19,93,7
19,94,2
19,95,2
19,96,2
19,97,1
20,0,2
20,1,1
20,2,1
20,3,1
20,4,1
20,5,2
20,6,4
20,7,3
20,8,4
20,9,2
20,10,1
20,11,3
20,12,1
20,13,2
20,14,1
20,15,1
20,16,2
20,17,2
20,18,2
20,19,2
20,21,6
20,22,7
20,23,1
20,24,1
20,25,2
20,26,2
20,27,7
20,28,1
20,29,2
20,30,2
20,31,1
20,32,2
20,33,2
20,34,2
20,35,2
20,36,1
20,37,1
20,38,1
20,39,1
20,40,1
20,41,1
20,42,1
20,43,1
20,44,1
20,45,2
20,46,2
20,47,2
20,48,1
20,49,2
20,50,2
20,51,2
20,52,1
20,53,1
20,54,1
20,55,7
20,56,2
20,57,2
20,58,1
20,59,1
20,60,1
20,61,1
20,62,2
20,63,4
20,64,3
20,65,3
20,66,2
20,67,2
20,68,1
20,69,3
20,70,1
20,71,2
20,72,3
20,73,1
20,74,2
20,75,2
20,76,1
20,77,1
20,78,1
20,79,1
20,80,3
20,81,1
20,82,1
20,83,3
20,84,4
20,85,1
20,86,1
20,87,1
20,88,1
20,89,2
20,90,1
20,91,2
20,92,1
20,93,1
20,94,2
20,95,1
20,96,3
20,97,3
21,0,3
21,1,1
21,2,1
21,3,2
21,4,1
21,5,2
21,6,4
21,7,3
21,8,5
21,9,2
21,10,1
21,11,2
21,12,1
21,13,2
21,14,1
21,15,3
21,16,3
21,17,2
21,18,3
21,19,4
21,20,5
21,22,13
21,23,2
21,24,2
21,25,3
21,26,3
21,27,12
21,28,2
21,29,2
21,30,3
21,31,1
21,32,2
21,33,2
21,34,2
21,35,2
21,36,1
21,37,1
21,38,1
21,39,1
21,40,1
21,41,1
21,42,1
21,43,1
21,44,1
21,45,1
21,46,1
21,47,2
21,48,1
21,49,3
21,50,3
21,51,3
21,52,2
21,53,1
21,54,2
21,55,10
21,56,3
21,57,6
21,58,1
21,59,1
21,60,2
21,61,3
21,62,3
21,63,9
21,64,7
21,65,7
21,66,3
21,67,2
21,68,2
21,69,4
21,70,2
21,71,2
21,72,3
21,73,2
21,74,2
21,75,2
21,76,1
21,77,1
21,78,1
21,79,1
21,80,2
21,81,2
21,82,2
21,83,6
21,84,7
21,85,1
21,86,1
21,87,2
21,88,2
21,89,3
21,90,2
21,91,3
21,92,1
21,93,1
21,94,2
21,95,1
21,96,6
21,97,5
22,0,5
22,1,1
22,2,1
22,3,2
22,4,2
22,5,2
22,6,2
22,7,4
22,8,2
22,9,2
22,10,1
22,11,5
22,12,2
22,13,1
22,14,3
22,15,3
22,16,4
22,17,3
22,18,4
22,19,5
22,20,8
22,21,17
22,23,2
22,24,2
22,25,4
22,26,6
22,27,15
22,28,2
22,29,3
22,30,3
22,31,2
22,32,3
22,33,1
22,34,2
22,35,2
22,36,1
22,37,1
22,38,1
22,39,2
22,40,2
22,41,2
22,42,1
22,43,2
22,44,1
22,45,1
22,46,1
22,47,1
22,48,2
22,49,2
22,50,2
22,51,7
22,52,2
22,53,1
22,54,3
22,55,17
22,56,4
22,57,6
22,58,1
22,59,1
22,60,3
22,61,4
22,62,6
22,63,14
22,64,12
22,65,11
22,66,4
22,67,4
22,68,2
22,69,7
22,70,5
22,71,4
22,72,4
22,73,3
22,74,3
22,75,3
22,76,2
22,77,1
22,78,2
22,79,1
22,80,1
22,81,3
22,82,2
22,83,8
22,84,17
22,85,2
22,86,1
22,87,2
22,88,2
22,89,4
22,90,3
22,91,6
22,92,1
22,93,1
22,94,4
22,95,1
22,96,7
22,97,1
23,0,3
23,1,1
23,2,1
23,3,2
23,4,2
23,5,3
23,6,5
23,7,3
23,8,4
23,9,3
23,10,2
23,11,3
23,12,1
23,13,2
23,14,2
23,15,13
23,16,13
23,17,11
23,18,13
23,19,14
23,20,1
23,21,2
23,22,2
23,24,4
23,25,9
23,26,1
23,27,3
23,28,1
23,29,2
23,30,1
23,31,1
23,32,1
23,33,2
23,34,2
23,35,1
23,36,2
23,37,2
23,38,3
23,39,2
23,40,1
23,41,2
23,42,1
23,43,1
23,44,2
23,45,4
23,46,4
23,47,4
23,48,2
23,49,3
23,50,2
23,51,15
23,52,4
23,53,3
23,54,6
23,55,2
23,56,1
23,57,1
23,58,2
23,59,3
23,60,6
23,61,10
23,62,1
23,63,2
23,64,2
23,65,2
23,66,3
23,67,2
23,68,2
23,69,3
23,70,1
23,71,1
23,72,2
23,73,1
23,74,2
23,75,2
23,76,1
23,77,2
23,78,3
23,79,1
23,80,4
23,81,2
23,82,5
23,83,2
23,84,2
23,85,3
23,86,1
23,87,1
23,88,2
23,89,2
23,90,1
23,91,2
23,92,1
23,93,4
23,94,1
23,95,1
23,96,1
23,97,1
24,0,3
24,1,1
24,2,1
24,3,2
24,4,2
24,5,2
24,6,3
24,7,3
24,8,3
24,9,2
24,10,1
24,11,2
24,12,1
24,13,1
24,14,1
24,15,10
24,16,9
24,17,11
24,18,10
24,19,11
24,20,1
24,21,2
24,22,1
24,23,4
24,25,7
24,26,1
24,27,2
24,28,1
24,29,2
24,30,1
24,31,1
24,32,1
24,33,1
24,34,1
24,35,1
24,36,1
24,37,1
24,38,2
24,39,2
24,40,1
24,41,2
24,42,1
24,43,1
24,44,1
24,45,2
24,46,2
24,47,2
24,48,1
24,49,2
24,50,2
24,51,13
24,52,4
24,53,2
24,54,5
24,55,2
24,56,1
24,57,1
24,58,2
24,59,2
24,60,5
24,61,6
24,62,1
24,63,2
24,64,2
24,65,2
24,66,3
24,67,2
24,68,1
24,69,3
24,70,1
24,71,1
24,72,1
24,73,1
24,74,1
24,75,1
24,76,1
24,77,2
24,78,2
24,79,1
24,80,2
24,81,2
24,82,4
24,83,1
24,84,2
24,85,2
24,86,1
24,87,1
24,88,1
24,89,1
24,90,1
24,91,1
24,92,1
24,93,3
24,94,1
24,95,1
24,96,1
24,97,1
25,0,5
25,1,2
25,2,2
25,3,3
25,4,3
25,5,4
25,6,7
25,7,6
25,8,7
25,9,4
25,10,2
25,11,3
25,12,2
25,13,2
25,14,2
25,15,23
25,16,20
25,17,23
25,18,25
25,19,27
25,20,2
25,21,3
25,22,3
25,23,9
25,24,6
25,26,2
25,27,5
25,28,2
25,29,3
25,30,2
25,31,1
25,32,1
25,33,2
25,34,2
25,35,1
25,36,2
25,37,2
25,38,4
25,39,4
25,40,2
25,41,3
25,42,2
25,43,2
25,44,3
25,45,5
25,46,5
25,47,5
25,48,2
25,49,4
25,50,3
25,51,24
25,52,7
25,53,5
25,54,11
25,55,4
25,56,1
25,57,2
25,58,4
25,59,5
25,60,9
25,61,16
25,62,2
25,63,3
25,64,3
25,65,3
25,66,5
25,67,4
25,68,2
25,69,4
25,70,1
25,71,1
25,72,2
25,73,1
25,74,2
25,75,2
25,76,1
25,77,3
25,78,4
25,79,2
25,80,5
25,81,3
25,82,8
25,83,2
25,84,3
25,85,5
25,86,1
25,87,2
25,88,2
25,89,2
25,90,1
25,91,2
25,92,1
25,93,4
25,94,1
25,95,2
25,96,2
25,97,1
26,0,2
26,1,1
26,2,1
26,3,1
26,4,1
26,5,2
26,6,4
26,7,2
26,8,2
26,9,2
26,10,2
26,11,2
26,12,1
26,13,2
26,14,1
26,15,1
26,16,1
26,17,1
26,18,1
26,19,1
26,20,2
26,21,3
26,22,5
26,23,1
26,24,1
26,25,1
26,27,4
26,28,1
26,29,1
26,30,1
26,31,1
26,32,1
26,33,1
26,34,1
26,35,1
26,36,1
26,37,1
26,38,2
26,39,1
26,40,1
26,41,1
26,42,1
26,43,1
26,44,2
26,45,3
26,46,3
26,47,3
26,48,2
26,49,1
26,50,1
26,51,1
26,52,1
26,53,1
26,54,1
26,55,4
26,56,1
26,57,2
26,58,1
26,59,1
26,60,1
26,61,1
26,62,1
26,63,3
26,64,2
26,65,3
26,66,1
26,67,1
26,68,1
26,69,2
26,70,1
26,71,1
26,72,2
26,73,1
26,74,2
26,75,1
26,76,1
26,77,1
26,78,1
26,79,1
26,80,3
26,81,1
26,82,1
26,83,2
26,84,3
26,85,1
26,86,1
26,87,1
26,88,1
26,89,1
26,90,1
26,91,2
26,92,1
26,93,1
26,94,1
26,95,1
26,96,2
26,97,2
27,0,7
27,1,2
27,2,2
27,3,4
27,4,3
27,5,4
27,6,8
27,7,7
27,8,7
27,9,6
27,10,3
27,11,7
27,12,3
27,13,3
27,14,3
27,15,4
27,16,5
27,17,4
27,18,4
27,19,5
27,20,7
27,21,15
27,22,13
27,23,3
27,24,2
27,25,5
27,26,5
27,28,2
27,29,4
27,30,3
27,31,2
27,32,2
27,33,3
27,34,3
27,35,2
27,36,2
27,37,2
27,38,3
27,39,4
27,40,2
27,41,4
27,42,2
27,43,2
27,44,3
27,45,5
27,46,6
27,47,6
27,48,4
27,49,4
27,50,3
27,51,7
27,52,2
27,53,1
27,54,2
27,55,16
27,56,4
27,57,8
27,58,1
27,59,2
27,60,3
27,61,3
27,62,4
27,63,10
27,64,7
27,65,8
27,66,3
27,67,4
27,68,2
27,69,7
27,70,3
27,71,3
27,72,5
27,73,2
27,74,4
27,75,4
27,76,2
27,77,3
27,78,3
27,79,2
27,80,6
27,81,4
27,82,2
27,83,9
27,84,15
27,85,1
27,86,1
27,87,3
27,88,2
27,89,3
27,90,3
27,91,4
27,92,1
27,93,2
27,94,3
27,95,1
27,96,8
27,97,4
28,0,2
28,1,1
28,2,1
28,3,2
28,4,1
28,5,2
28,6,4
28,7,3
28,8,3
28,9,2
28,10,1
28,11,3
28,12,1
28,13,2
28,14,2
28,15,1
28,16,1
28,17,1
28,18,1
28,19,2
28,20,1
28,21,2
28,22,2
28,23,1
28,24,1
28,25,2
28,26,1
28,27,2
28,29,4
28,30,2
28,31,1
28,32,2
28,33,1
28,34,1
28,35,2
28,36,1
28,37,1
28,38,1
28,39,1
28,40,1
28,41,1
28,42,1
28,43,1
28,44,1
28,45,2
28,46,1
28,47,2
28,48,2
28,49,2
28,50,2
28,51,2
28,52,1
28,53,1
28,54,1
28,55,2
28,56,1
28,57,1
28,58,1
28,59,1
28,60,1
28,61,2
28,62,1
28,63,2
28,64,1
28,65,1
28,66,10
28,67,7
28,68,4
28,69,11
28,70,2
28,71,2
28,72,3
28,73,2
28,74,2
28,75,1
28,76,2
28,77,1
28,78,1
28,79,1
28,80,2
28,81,1
28,82,1
28,83,1
28,84,2
28,85,1
28,86,2
28,87,3
28,88,4
28,89,10
28,90,2
28,91,2
28,92,1
28,93,1
28,94,8
28,95,1
28,96,1
28,97,1
29,0,3
29,1,1
29,2,1
29,3,2
29,4,1
29,5,2
29,6,6
29,7,3
29,8,5
29,9,2
29,10,2
29,11,4
29,12,1
29,13,2
29,14,2
29,15,2
29,16,2
29,17,1
29,18,2
29,19,3
29,20,1
29,21,3
29,22,2
29,23,2
29,24,2
29,25,2
29,26,1
29,27,3
29,28,4
29,30,2
29,31,2
29,32,3
29,33,2
29,34,2
29,35,3
29,36,1
29,37,1
29,38,1
29,39,1
29,40,1
29,41,1
29,42,1
29,43,1
29,44,1
29,45,2
29,46,2
29,47,3
29,48,2
29,49,3
29,50,3
29,51,3
29,52,1
29,53,1
29,54,2
29,55,3
29,56,1
29,57,1
29,58,1
29,59,1
29,60,2
29,61,3
29,62,1
29,63,2
29,64,2
29,65,2
29,66,13
29,67,14
29,68,7
29,69,19
29,70,2
29,71,3
29,72,5
29,73,2
29,74,2
29,75,2
29,76,3
29,77,1
29,78,1
29,79,1
29,80,3
29,81,3
29,82,1
29,83,2
29,84,2
29,85,1
29,86,4
29,87,6
29,88,7
29,89,13
29,90,2
29,91,3
29,92,1
29,93,1
29,94,15
29,95,1
29,96,2
29,97,1
30,0,3
30,1,1
30,2,1
30,3,2
30,4,1
30,5,2
30,6,6
30,7,4
30,8,5
30,9,3
30,10,2
30,11,6
30,12,2
30,13,2
30,14,3
30,15,1
30,16,1
30,17,1
30,18,1
30,19,1
30,20,2
30,21,3
30,22,3
30,23,1
30,24,1
30,25,2
30,26,1
30,27,4
30,28,2
30,29,3
30,31,6
30,32,14
30,33,7
30,34,9
30,35,13
30,36,1
30,37,1
30,38,1
30,39,1
30,40,1
30,41,1
30,42,1
30,43,2
30,44,1
30,45,2
30,46,2
30,47,3
30,48,3
30,49,4
30,50,3
30,51,2
30,52,1
30,53,1
30,54,1
30,55,2
30,56,1
30,57,2
30,58,1
30,59,1
30,60,1
30,61,2
30,62,1
30,63,3
30,64,3
30,65,2
30,66,3
30,67,3
30,68,2
30,69,5
30,70,12
30,71,16
30,72,16
30,73,8
30,74,11
30,75,10
30,76,14
30,77,1
30,78,1
30,79,1
30,80,2
30,81,4
30,82,1
30,83,2
30,84,3
30,85,1
30,86,1
30,87,2
30,88,2
30,89,3
30,90,7
30,91,12
30,92,3
30,93,1
30,94,4
30,95,1
30,96,2
30,97,1
31,0,1
31,1,1
31,2,1
31,3,1
31,4,1
31,5,2
31,6,3
31,7,2
31,8,3
31,9,2
31,10,1
31,11,2
31,12,1
31,13,2
31,14,2
31,15,1
31,16,1
31,17,1
31,18,1
31,19,1
31,20,1
31,21,1
31,22,2
31,23,1
31,24,1
31,25,1
31,26,1
31,27,2
31,28,1
31,29,2
31,30,5
31,32,7
31,33,5
31,34,6
31,35,10
31,36,1
31,37,1
31,38,1
31,39,1
31,40,1
31,41,1
31,42,1
31,43,1
31,44,1
31,45,1
31,46,1
31,47,2
31,48,1
31,49,2
31,50,2
31,51,1
31,52,1
31,53,1
31,54,1
31,55,1
31,56,1
31,57,1
31,58,1
31,59,1
31,60,1
31,61,1
31,62,1
31,63,1
31,64,1
31,65,1
31,66,2
31,67,2
31,68,1
31,69,3
31,70,6
31,71,8
31,72,9
31,73,5
31,74,7
31,75,6
31,76,9
31,77,1
31,78,1
31,79,1
31,80,1
31,81,2
31,82,1
31,83,1
31,84,2
31,85,1
31,86,1
31,87,1
31,88,2
31,89,2
31,90,6
31,91,9
31,92,2
31,93,1
31,94,2
31,95,1
31,96,1
31,97,1
32,0,1
32,1,1
32,2,1
32,3,1
32,4,1
32,5,2
32,6,3
32,7,3
32,8,3
32,9,2
32,10,1
32,11,5
32,12,1
32,13,2
32,14,2
32,15,1
32,16,1
32,17,1
32,18,1
32,19,1
32,20,2
32,21,2
32,22,2
32,23,1
32,24,1
32,25,1
32,26,1
32,27,3
32,28,2
32,29,3
32,30,14
32,31,7
32,33,6
32,34,9
32,35,14
32,36,1
32,37,1
32,38,1
32,39,1
32,40,1
32,41,1
32,42,1
32,43,1
32,44,1
32,45,1
32,46,1
32,47,1
32,48,2
32,49,3
32,50,2
32,51,1
32,52,1
32,53,1
32,54,1
32,55,1
32,56,1
32,57,2
32,58,1
32,59,1
32,60,1
32,61,1
32,62,1
32,63,2
32,64,2
32,65,1
32,66,3
32,67,3
32,68,2
32,69,6
32,70,13
32,71,13
32,72,19
32,73,9
32,74,11
32,75,9
32,76,13
32,77,1
32,78,1
32,79,1
32,80,1
32,81,3
32,82,1
32,83,1
32,84,2
32,85,1
32,86,1
32,87,2
32,88,3
32,89,5
32,90,12
32,91,18
32,92,3
32,93,1
32,94,4
32,95,1
32,96,2
32,97,1
33,0,4
33,1,1
33,2,1
33,3,3
33,4,2
33,5,2
33,6,3
33,7,4
33,8,2
33,9,3
33,10,1
33,11,6
33,12,2
33,13,1
33,14,3
33,15,1
33,16,2
33,17,1
33,18,1
33,19,2
33,20,2
33,21,2
33,22,1
33,23,2
33,24,1
33,25,2
33,26,2
33,27,3
33,28,2
33,29,2
33,30,8
33,31,6
33,32,8
33,34,5
33,35,5
33,36,1
33,37,1
33,38,1
33,39,2
33,40,2
33,41,2
33,42,1
33,43,2
33,44,1
33,45,1
33,46,2
33,47,2
33,48,3
33,49,3
33,50,2
33,51,3
33,52,1
33,53,1
33,54,1
33,55,2
33,56,1
33,57,2
33,58,1
33,59,1
33,60,2
33,61,3
33,62,2
33,63,3
33,64,2
33,65,2
33,66,3
33,67,3
33,68,2
33,69,5
33,70,11
33,71,10
33,72,14
33,73,9
33,74,8
33,75,9
33,76,9
33,77,1
33,78,2
33,79,1
33,80,1
33,81,5
33,82,1
33,83,2
33,84,3
33,85,1
33,86,1
33,87,2
33,88,2
33,89,3
33,90,7
33,91,12
33,92,1
33,93,1
33,94,3
33,95,1
33,96,2
33,97,1
34,0,3
34,1,1
34,2,1
34,3,3
34,4,2
34,5,3
34,6,6
34,7,4
34,8,4
34,9,4
34,10,2
34,11,5
34,12,2
34,13,2
34,14,3
34,15,1
34,16,2
34,17,1
34,18,1
34,19,2
34,20,2
34,21,2
34,22,2
34,23,2
34,24,1
34,25,2
34,26,1
34,27,3
34,28,2
34,29,2
34,30,9
34,31,6
34,32,9
34,33,4
34,35,10
34,36,1
34,37,1
34,38,2
34,39,2
34,40,1
34,41,2
34,42,1
34,43,2
34,44,2
34,45,3
34,46,3
34,47,4
34,48,3
34,49,4
34,50,2
34,51,2
34,52,1
34,53,1
34,54,1
34,55,2
34,56,1
34,57,1
34,58,1
34,59,1
34,60,1
34,61,2
34,62,1
34,63,2
34,64,2
34,65,2
34,66,3
34,67,2
34,68,2
34,69,4
34,70,11
34,71,10
34,72,16
34,73,8
34,74,7
34,75,6
34,76,9
34,77,1
34,78,2
34,79,1
34,80,3
34,81,3
34,82,1
34,83,2
34,84,3
34,85,1
34,86,1
34,87,1
34,88,2
34,89,3
34,90,6
34,91,9
34,92,2
34,93,1
34,94,2
34,95,1
34,96,1
34,97,1
35,0,2
35,1,1
35,2,1
35,3,2
35,4,1
35,5,2
35,6,4
35,7,3
35,8,3
35,9,2
35,10,1
35,11,8
35,12,2
35,13,2
35,14,3
35,15,1
35,16,1
35,17,1
35,18,1
35,19,1
35,20,2
35,21,2
35,22,1
35,23,1
35,24,1
35,25,1
35,26,1
35,27,3
35,28,2
35,29,4
35,30,14
35,31,11
35,32,15
35,33,5
35,34,11
35,36,1
35,37,1
35,38,1
35,39,1
35,40,1
35,41,1
35,42,1
35,43,1
35,44,1
35,45,1
35,46,1
35,47,2
35,48,3
35,49,3
35,50,3
35,51,1
35,52,1
35,53,1
35,54,1
35,55,1
35,56,2
35,57,2
35,58,1
35,59,1
35,60,1
35,61,2
35,62,1
35,63,3
35,64,2
35,65,2
35,66,3
35,67,4
35,68,2
35,69,8
35,70,21
35,71,23
35,72,22
35,73,12
35,74,13
35,75,12
35,76,12
35,77,1
35,78,1
35,79,1
35,80,1
35,81,6
35,82,1
35,83,2
35,84,2
35,85,1
35,86,1
35,87,2
35,88,3
35,89,5
35,90,14
35,91,20
35,92,2
35,93,1
35,94,5
35,95,1
35,96,2
35,97,1
36,0,10
36,1,2
36,2,2
36,3,5
36,4,4
36,5,5
36,6,9
36,7,7
36,8,7
36,9,2
36,10,1
36,11,3
36,12,1
36,13,1
36,14,3
36,15,2
36,16,2
36,17,2
36,18,2
36,19,2
36,20,1
36,21,1
36,22,1
36,23,2
36,24,1
36,25,2
36,26,1
36,27,2
36,28,1
36,29,1
36,30,1
36,31,1
36,32,1
36,33,1
36,34,1
36,35,1
36,37,3
36,38,4
36,39,5
36,40,3
36,41,5
36,42,2
36,43,3
36,44,1
36,45,3
36,46,3
36,47,2
36,48,2
36,49,4
36,50,3
36,51,2
36,52,1
36,53,1
36,54,1
36,55,1
36,56,1
36,57,1
36,58,1
36,59,1
36,60,1
36,61,2
36,62,1
36,63,1
36,64,1
36,65,1
36,66,3
36,67,2
36,68,1
36,69,1
36,70,1
36,71,1
36,72,1
36,73,1
36,74,3
36,75,2
36,76,1
36,77,5
36,78,6
36,79,3
36,80,2
36,81,4
36,82,1
36,83,1
36,84,1
36,85,1
36,86,1
36,87,1
36,88,1
36,89,1
36,90,1
36,91,2
36,92,1
36,93,1
36,94,1
36,95,2
36,96,1
36,97,1
37,0,11
37,1,2
37,2,2
37,3,5
37,4,4
37,5,4
37,6,4
37,7,6
37,8,3
37,9,2
37,10,1
37,11,2
37,12,1
37,13,1
37,14,3
37,15,3
37,16,3
37,17,3
37,18,2
37,19,3
37,20,1
37,21,1
37,22,1
37,23,2
37,24,1
37,25,3
37,26,1
37,27,2
37,28,1
37,29,1
37,30,1
37,31,1
37,32,1
37,33,1
37,34,1
37,35,1
37,36,3
37,38,2
37,39,4
37,40,3
37,41,6
37,42,2
37,43,3
37,44,1
37,45,1
37,46,2
37,47,2
37,48,2
37,49,3
37,50,2
37,51,4
37,52,1
37,53,1
37,54,1
37,55,1
37,56,1
37,57,1
37,58,1
37,59,1
37,60,2
37,61,2
37,62,1
37,63,2
37,64,2
37,65,2
37,66,3
37,67,2
37,68,1
37,69,1
37,70,1
37,71,1
37,72,1
37,73,1
37,74,2
37,75,2
37,76,1
37,77,3
37,78,4
37,79,3
37,80,1
37,81,4
37,82,1
37,83,1
37,84,1
37,85,1
37,86,1
37,87,1
37,88,1
37,89,1
37,90,1
37,91,2
37,92,1
37,93,1
37,94,1
37,95,1
37,96,1
37,97,1
38,0,22
38,1,3
38,2,4
38,3,8
38,4,9
38,5,6
38,6,8
38,7,12
38,8,5
38,9,4
38,10,1
38,11,4
38,12,3
38,13,1
38,14,6
38,15,6
38,16,5
38,17,5
38,18,4
38,19,4
38,20,2
38,21,1
38,22,1
38,23,4
38,24,2
38,25,5
38,26,2
38,27,4
38,28,1
38,29,2
38,30,1
38,31,1
38,32,1
38,33,1
38,34,2
38,35,1
38,36,4
38,37,2
38,39,10
38,40,6
38,41,11
38,42,5
38,43,6
38,44,1
38,45,2
38,46,5
38,47,3
38,48,3
38,49,5
38,50,4
38,51,6
38,52,1
38,53,1
38,54,2
38,55,2
38,56,1
38,57,1
38,58,2
38,59,1
38,60,3
38,61,4
38,62,2
38,63,2
38,64,2
38,65,2
38,66,5
38,67,3
38,68,2
38,69,2
38,70,1
38,71,1
38,72,1
38,73,1
38,74,4
38,75,4
38,76,1
38,77,6
38,78,11
38,79,6
38,80,1
38,81,8
38,82,1
38,83,1
38,84,2
38,85,2
38,86,1
38,87,1
38,88,1
38,89,1
38,90,2
38,91,3
38,92,1
38,93,2
38,94,1
38,95,3
38,96,1
38,97,1
39,0,11
39,1,3
39,2,3
39,3,5
39,4,4
39,5,7
39,6,15
39,7,10
39,8,13
39,9,3
39,10,1
39,11,2
39,12,2
39,13,1
39,14,4
39,15,3
39,16,3
39,17,3
39,18,3
39,19,3
39,20,2
39,21,1
39,22,1
39,23,2
39,24,2
39,25,3
39,26,1
39,27,3
39,28,1
39,29,2
39,30,1
39,31,1
39,32,1
39,33,1
39,34,2
39,35,1
39,36,5
39,37,4
39,38,10
39,40,3
39,41,5
39,42,2
39,43,3
39,44,2
39,45,3
39,46,4
39,47,3
39,48,2
39,49,7
39,50,5
39,51,4
39,52,1
39,53,1
39,54,1
39,55,2
39,56,1
39,57,1
39,58,1
39,59,1
39,60,2
39,61,3
39,62,2
39,63,2
39,64,2
39,65,2
39,66,3
39,67,3
39,68,1
39,69,2
39,70,1
39,71,1
39,72,2
39,73,1
39,74,3
39,75,3
39,76,1
39,77,7
39,78,6
39,79,3
39,80,3
39,81,5
39,82,1
39,83,1
39,84,2
39,85,1
39,86,1
39,87,1
39,88,1
39,89,1
39,90,1
39,91,3
39,92,1
39,93,1
39,94,1
39,95,3
39,96,1
39,97,1
40,0,5
40,1,2
40,2,2
40,3,3
40,4,3
40,5,4
40,6,9
40,7,5
40,8,8
40,9,2
40,10,1
40,11,2
40,12,1
40,13,1
40,14,3
40,15,2
40,16,2
40,17,2
40,18,2
40,19,2
40,20,1
40,21,1
40,22,1
40,23,1
40,24,1
40,25,2
40,26,1
40,27,2
40,28,1
40,29,1
40,30,1
40,31,1
40,32,1
40,33,1
40,34,1
40,35,1
40,36,3
40,37,3
40,38,6
40,39,3
40,41,3
40,42,1
40,43,2
40,44,1
40,45,2
40,46,2
40,47,2
40,48,1
40,49,5
40,50,3
40,51,2
40,52,1
40,53,1
40,54,1
40,55,1
40,56,1
40,57,1
40,58,1
40,59,1
40,60,1
40,61,2
40,62,1
40,63,1
40,64,1
40,65,1
40,66,2
40,67,1
40,68,1
40,69,1
40,70,1
40,71,1
40,72,1
40,73,1
40,74,2
40,75,2
40,76,1
40,77,4
40,78,4
40,79,2
40,80,2
40,81,3
40,82,1
40,83,1
40,84,2
40,85,1
40,86,1
40,87,1
40,88,1
40,89,1
40,90,1
40,91,2
40,92,1
40,93,1
40,94,1
40,95,2
40,96,1
40,97,1
41,0,8
41,1,4
41,2,3
41,3,6
41,4,5
41,5,7
41,6,15
41,7,11
41,8,14
41,9,2
41,10,1
41,11,2
41,12,1
41,13,1
41,14,4
41,15,3
41,16,3
41,17,3
41,18,3
41,19,3
41,20,1
41,21,1
41,22,1
41,23,2
41,24,1
41,25,3
41,26,1
41,27,3
41,28,1
41,29,1
41,30,1
41,31,1
41,32,1
41,33,1
41,34,1
41,35,1
41,36,5
41,37,6
41,38,11
41,39,5
41,40,3
41,42,3
41,43,3
41,44,2
41,45,3
41,46,3
41,47,3
41,48,1
41,49,8
41,50,5
41,51,3
41,52,1
41,53,1
41,54,1
41,55,2
41,56,1
41,57,1
41,58,1
41,59,1
41,60,2
41,61,2
41,62,1
41,63,1
41,64,2
41,65,1
41,66,2
41,67,2
41,68,1
41,69,2
41,70,1
41,71,1
41,72,1
41,73,1
41,74,2
41,75,2
41,76,1
41,77,8
41,78,6
41,79,3
41,80,3
41,81,4
41,82,1
41,83,1
41,84,2
41,85,1
41,86,1
41,87,1
41,88,1
41,89,1
41,90,1
41,91,2
41,92,1
41,93,1
41,94,1
41,95,3
41,96,1
41,97,1
42,0,5
42,1,2
42,2,1
42,3,2
42,4,2
42,5,3
42,6,7
42,7,4
42,8,6
42,9,1
42,10,1
42,11,1
42,12,1
42,13,1
42,14,2
42,15,2
42,16,2
42,17,2
42,18,1
42,19,2
42,20,1
42,21,1
42,22,1
42,23,1
42,24,1
42,25,2
42,26,1
42,27,2
42,28,1
42,29,1
42,30,1
42,31,1
42,32,1
42,33,1
42,34,1
42,35,1
42,36,2
42,37,2
42,38,4
42,39,2
42,40,1
42,41,3
42,43,1
42,44,1
42,45,2
42,46,2
42,47,2
42,48,1
42,49,4
42,50,2
42,51,2
42,52,1
42,53,1
42,54,1
42,55,1
42,56,1
42,57,1
42,58,1
42,59,1
42,60,1
42,61,1
42,62,1
42,63,1
42,64,1
42,65,1
42,66,2
42,67,2
42,68,1
42,69,1
42,70,1
42,71,1
42,72,1
42,73,1
42,74,2
42,75,1
42,76,1
42,77,3
42,78,3
42,79,2
42,80,1
42,81,3
42,82,1
42,83,1
42,84,1
42,85,1
42,86,1
42,87,1
42,88,1
42,89,1
42,90,1
42,91,2
42,92,1
42,93,1
42,94,1
42,95,2
42,96,1
42,97,1
43,0,7
43,1,2
43,2,2
43,3,3
43,4,3
43,5,4
43,6,10
43,7,5
43,8,7
43,9,2
43,10,1
43,11,2
43,12,1
43,13,1
43,14,3
43,15,2
43,16,2
43,17,2
43,18,2
43,19,2
43,20,1
43,21,1
43,22,1
43,23,1
43,24,1
43,25,2
43,26,1
43,27,2
43,28,1
43,29,1
43,30,1
43,31,1
43,32,1
43,33,1
43,34,1
43,35,1
43,36,3
43,37,3
43,38,6
43,39,3
43,40,2
43,41,3
43,42,1
43,44,1
43,45,2
43,46,2
43,47,2
43,48,1
43,49,5
43,50,4
43,51,2
43,52,1
43,53,1
43,54,1
43,55,1
43,56,1
43,57,1
43,58,1
43,59,1
43,60,1
43,61,2
43,62,1
43,63,1
43,64,2
43,65,1
43,66,2
43,67,2
43,68,1
43,69,2
43,70,1
43,71,1
43,72,2
43,73,1
43,74,2
43,75,2
43,76,1
43,77,4
43,78,4
43,79,2
43,80,2
43,81,4
43,82,1
43,83,1
43,84,2
43,85,1
43,86,1
43,87,1
43,88,1
43,89,1
43,90,1
43,91,2
43,92,1
43,93,1
43,94,1
43,95,2
43,96,1
43,97,1
44,0,5
44,1,1
44,2,1
44,3,2
44,4,2
44,5,2
44,6,2
44,7,3
44,8,1
44,9,11
44,10,2
44,11,15
44,12,7
44,13,3
44,14,2
44,15,3
44,16,3
44,17,3
44,18,2
44,19,2
44,20,1
44,21,1
44,22,1
44,23,3
44,24,2
44,25,3
44,26,2
44,27,4
44,28,1
44,29,1
44,30,1
44,31,1
44,32,1
44,33,1
44,34,2
44,35,1
44,36,1
44,37,1
44,38,1
44,39,2
44,40,2
44,41,3
44,42,1
44,43,2
44,45,3
44,46,9
44,47,6
44,48,10
44,49,1
44,50,1
44,51,3
44,52,1
44,53,1
44,54,1
44,55,1
44,56,1
44,57,1
44,58,1
44,59,1
44,60,2
44,61,3
44,62,2
44,63,2
44,64,2
44,65,2
44,66,4
44,67,3
44,68,2
44,69,2
44,70,1
44,71,1
44,72,1
44,73,1
44,74,3
44,75,4
44,76,1
44,77,2
44,78,3
44,79,1
44,80,2
44,81,2
44,82,1
44,83,1
44,84,2
44,85,2
44,86,1
44,87,1
44,88,1
44,89,1
44,90,2
44,91,3
44,92,1
44,93,1
44,94,1
44,95,1
44,96,1
45,0,8
45,1,2
45,2,2
45,3,4
45,4,5
45,5,4
45,6,4
45,7,6
45,8,3
45,9,30
45,10,7
45,11,43
45,12,19
45,13,9
45,14,4
45,15,4
45,16,4
45,17,3
45,18,2
45,19,3
45,20,2
45,21,1
45,22,1
45,23,5
45,24,3
45,25,6
45,26,3
45,27,6
45,28,2
45,29,2
45,30,3
45,31,2
45,32,1
45,33,1
45,34,5
45,35,1
45,36,4
45,37,1
45,38,2
45,39,5
45,40,3
45,41,5
45,42,2
45,43,3
45,44,4
45,46,24
45,47,18
45,48,28
45,49,3
45,50,2
45,51,5
45,52,1
45,53,1
45,54,1
45,55,1
45,56,1
45,57,1
45,58,2
45,59,2
45,60,3
45,61,4
45,62,3
45,63,4
45,64,4
45,65,3
45,66,7
45,67,6
45,68,3
45,69,4
45,70,1
45,71,1
45,72,4
45,73,1
45,74,9
45,75,8
45,76,1
45,77,3
45,78,7
45,79,2
45,80,8
45,81,5
45,82,1
45,83,2
45,84,2
45,85,3
45,86,1
45,87,2
45,88,2
45,89,1
45,90,4
45,91,7
45,92,1
45,93,2
45,94,1
45,95,1
45,96,1
45,97,1
46,0,8
46,1,2
46,2,2
46,3,4
46,4,5
46,5,4
46,6,6
46,7,6
46,8,4
46,9,38
46,10,11
46,11,33
46,12,17
46,13,11
46,14,3
46,15,4
46,16,4
46,17,3
46,18,2
46,19,3
46,20,2
46,21,1
46,22,1
46,23,4
46,24,3
46,25,6
46,26,3
46,27,5
46,28,2
46,29,2
46,30,2
46,31,1
46,32,1
46,33,1
46,34,4
46,35,1
46,36,3
46,37,2
46,38,4
46,39,5
46,40,3
46,41,4
46,42,2
46,43,3
46,44,10
46,45,26
46,47,27
46,48,23
46,49,3
46,50,2
46,51,5
46,52,1
46,53,1
46,54,1
46,55,1
46,56,1
46,57,1
46,58,2
46,59,2
46,60,3
46,61,4
46,62,3
46,63,3
46,64,3
46,65,3
46,66,7
46,67,5
46,68,3
46,69,3
46,70,1
46,71,1
46,72,3
46,73,1
46,74,7
46,75,6
46,76,1
46,77,4
46,78,6
46,79,2
46,80,20
46,81,4
46,82,1
46,83,2
46,84,2
46,85,2
46,86,1
46,87,2
46,88,2
46,89,1
46,90,3
46,91,5
46,92,1
46,93,2
46,94,1
46,95,1
46,96,1
46,97,1
47,0,7
47,1,2
47,2,2
47,3,4
47,4,4
47,5,3
47,6,4
47,7,5
47,8,3
47,9,20
47,10,5
47,11,33
47,12,14
47,13,10
47,14,3
47,15,4
47,16,4
47,17,4
47,18,3
47,19,4
47,20,3
47,21,2
47,22,1
47,23,5
47,24,3
47,25,6
47,26,3
47,27,7
47,28,3
47,29,3
47,30,4
47,31,2
47,32,2
47,33,1
47,34,5
47,35,2
47,36,3
47,37,1
47,38,2
47,39,4
47,40,2
47,41,4
47,42,2
47,43,3
47,44,7
47,45,20
47,46,26
47,48,18
47,49,3
47,50,2
47,51,6
47,52,2
47,53,1
47,54,2
47,55,3
47,56,1
47,57,2
47,58,2
47,59,2
47,60,4
47,61,4
47,62,3
47,63,5
47,64,4
47,65,4
47,66,8
47,67,6
47,68,4
47,69,5
47,70,3
47,71,2
47,72,5
47,73,3
47,74,8
47,75,7
47,76,2
47,77,3
47,78,5
47,79,2
47,80,9
47,81,5
47,82,2
47,83,2
47,84,3
47,85,2
47,86,1
47,87,3
47,88,3
47,89,2
47,90,5
47,91,9
47,92,1
47,93,2
47,94,1
47,95,1
47,96,1
47,97,1
48,0,3
48,1,1
48,2,1
48,3,2
48,4,2
48,5,2
48,6,4
48,7,3
48,8,4
48,9,19
48,10,8
48,11,14
48,12,6
48,13,8
48,14,2
48,15,1
48,16,1
48,17,1
48,18,1
48,19,1
48,20,2
48,21,1
48,22,1
48,23,2
48,24,1
48,25,3
48,26,2
48,27,4
48,28,2
48,29,2
48,30,3
48,31,2
48,32,2
48,33,2
48,34,3
48,35,3
48,36,2
48,37,1
48,38,2
48,39,2
48,40,1
48,41,1
48,42,1
48,43,1
48,44,11
48,45,32
48,46,26
48,47,21
48,49,2
48,50,2
48,51,2
48,52,1
48,53,1
48,54,1
48,55,1
48,56,1
48,57,1
48,58,1
48,59,1
48,60,2
48,61,2
48,62,2
48,63,2
48,64,2
48,65,2
48,66,4
48,67,3
48,68,2
48,69,3
48,70,2
48,71,2
48,72,4
48,73,2
48,74,4
48,75,3
48,76,2
48,77,1
48,78,2
48,79,1
48,80,19
48,81,2
48,82,1
48,83,1
48,84,2
48,85,1
48,86,1
48,87,2
48,88,2
48,89,2
48,90,3
48,91,4
48,92,1
48,93,1
48,94,1
48,95,1
48,96,1
48,97,1
49,0,16
49,1,3
49,2,3
49,3,7
49,4,6
49,5,7
49,6,10
49,7,9
49,8,7
49,9,4
49,10,1
49,11,5
49,12,3
49,13,2
49,14,5
49,15,4
49,16,5
49,17,4
49,18,4
49,19,5
49,20,3
49,21,4
49,22,2
49,23,3
49,24,2
49,25,5
49,26,2
49,27,4
49,28,3
49,29,4
49,30,5
49,31,3
49,32,3
49,33,2
49,34,4
49,35,3
49,36,4
49,37,3
49,38,5
49,39,7
49,40,5
49,41,7
49,42,3
49,43,5
49,44,1
49,45,2
49,46,3
49,47,3
49,48,3
49,50,4
49,51,7
49,52,2
49,53,1
49,54,2
49,55,3
49,56,2
49,57,2
49,58,2
49,59,1
49,60,3
49,61,4
49,62,2
49,63,4
49,64,4
49,65,3
49,66,4
49,67,4
49,68,3
49,69,8
49,70,5
49,71,4
49,72,7
49,73,4
49,74,6
49,75,5
49,76,3
49,77,4
49,78,8
49,79,3
49,80,2
49,81,7
49,82,2
49,83,3
49,84,4
49,85,2
49,86,1
49,87,3
49,88,3
49,89,4
49,90,5
49,91,8
49,92,1
49,93,2
49,94,3
49,95,2
49,96,2
49,97,1
50,0,12
50,1,2
50,2,3
50,3,6
50,4,5
50,5,6
50,6,9
50,7,9
50,8,6
50,9,3
50,10,1
50,11,4
50,12,2
50,13,1
50,14,4
50,15,3
50,16,3
50,17,2
50,18,2
50,19,3
50,20,2
50,21,3
50,22,1
50,23,2
50,24,2
50,25,3
50,26,1
50,27,4
50,28,2
50,29,3
50,30,3
50,31,2
50,32,3
50,33,2
50,34,3
50,35,2
50,36,3
50,37,2
50,38,4
50,39,5
50,40,4
50,41,5
50,42,3
50,43,4
50,44,1
50,45,2
50,46,2
50,47,2
50,48,2
50,49,4
50,51,4
50,52,1
50,53,1
50,54,2
50,55,3
50,56,1
50,57,2
50,58,1
50,59,1
50,60,2
50,61,3
50,62,2
50,63,3
50,64,3
50,65,2
50,66,3
50,67,3
50,68,2
50,69,5
50,70,3
50,71,3
50,72,5
50,73,2
50,74,3
50,75,3
50,76,3
50,77,3
50,78,6
50,79,2
50,80,2
50,81,5
50,82,2
50,83,2
50,84,4
50,85,1
50,86,1
50,87,2
50,88,3
50,89,3
50,90,3
50,91,5
50,92,1
50,93,1
50,94,2
50,95,2
50,96,2
50,97,1
51,0,8
51,1,2
51,2,2
51,3,3
51,4,3
51,5,4
51,6,9
51,7,6
51,8,9
51,9,3
51,10,3
51,11,3
51,12,2
51,13,3
51,14,2
51,15,28
51,16,20
51,17,29
51,18,32
51,19,26
51,20,2
51,21,4
51,22,5
51,23,14
51,24,12
51,25,22
51,26,2
51,27,5
51,28,2
51,29,3
51,30,2
51,31,1
51,32,1
51,33,2
51,34,2
51,35,1
51,36,2
51,37,3
51,38,5
51,39,4
51,40,2
51,41,3
51,42,2
51,43,2
51,44,3
51,45,4
51,46,4
51,47,5
51,48,2
51,49,5
51,50,4
51,52,7
51,53,5
51,54,13
51,55,5
51,56,1
51,57,2
51,58,5
51,59,8
51,60,11
51,61,19
51,62,2
51,63,4
51,64,3
51,65,3
51,66,6
51,67,3
51,68,2
51,69,4
51,70,1
51,71,1
51,72,2
51,73,1
51,74,2
51,75,2
51,76,1
51,77,3
51,78,3
51,79,2
51,80,6
51,81,3
51,82,8
51,83,3
51,84,4
51,85,9
51,86,2
51,87,2
51,88,3
51,89,2
51,90,1
51,91,2
51,92,1
51,93,7
51,94,2
51,95,2
51,96,2
51,97,1
52,0,3
52,1,1
52,2,1
52,3,1
52,4,1
52,5,1
52,6,2
52,7,2
52,8,2
52,9,1
52,10,1
52,11,1
52,12,1
52,13,1
52,14,1
52,15,9
52,16,8
52,17,8
52,18,10
52,19,9
52,20,1
52,21,2
52,22,1
52,23,4
52,24,4
52,25,8
52,26,1
52,27,2
52,28,1
52,29,2
52,30,1
52,31,1
52,32,1
52,33,1
52,34,1
52,35,1
52,36,1
52,37,1
52,38,1
52,39,1
52,40,1
52,41,1
52,42,1
52,43,1
52,44,1
52,45,1
52,46,1
52,47,1
52,48,1
52,49,2
52,50,1
52,51,8
52,53,2
52,54,4
52,55,2
52,56,1
52,57,1
52,58,2
52,59,2
52,60,4
52,61,5
52,62,1
52,63,2
52,64,1
52,65,1
52,66,2
52,67,2
52,68,1
52,69,2
52,70,1
52,71,1
52,72,1
52,73,1
52,74,1
52,75,1
52,76,1
52,77,1
52,78,1
52,79,1
52,80,1
52,81,1
52,82,3
52,83,1
52,84,2
52,85,3
52,86,1
52,87,1
52,88,1
52,89,1
52,90,1
52,91,1
52,92,1
52,93,2
52,94,1
52,95,1
52,96,1
52,97,1
53,0,2
53,1,1
53,2,1
53,3,1
53,4,1
53,5,1
53,6,2
53,7,1
53,8,2
53,9,1
53,10,1
53,11,1
53,12,1
53,13,1
53,14,1
53,15,4
53,16,5
53,17,4
53,18,5
53,19,5
53,20,1
53,21,1
53,22,1
53,23,3
53,24,2
53,25,4
53,26,1
53,27,1
53,28,1
53,29,1
53,30,1
53,31,1
53,32,1
53,33,1
53,34,1
53,35,1
53,36,1
53,37,1
53,38,1
53,39,1
53,40,1
53,41,1
53,42,1
53,43,1
53,44,1
53,45,1
53,46,1
53,47,1
53,48,1
53,49,1
53,50,1
53,51,5
53,52,1
53,54,2
53,55,1
53,56,1
53,57,1
53,58,1
53,59,2
53,60,2
53,61,3
53,62,1
53,63,1
53,64,1
53,65,1
53,66,1
53,67,1
53,68,1
53,69,2
53,70,1
53,71,1
53,72,1
53,73,1
53,74,1
53,75,1
53,76,1
53,77,1
53,78,1
53,79,1
53,80,1
53,81,1
53,82,2
53,83,1
53,84,1
53,85,2
53,86,1
53,87,1
53,88,1
53,89,1
53,90,1
53,91,1
53,92,1
53,93,2
53,94,1
53,95,1
53,96,1
53,97,1
54,0,3
54,1,1
54,2,1
54,3,1
54,4,1
54,5,1
54,6,3
54,7,2
54,8,3
54,9,1
54,10,1
54,11,1
54,12,1
54,13,1
54,14,1
54,15,9
54,16,11
54,17,12
54,18,12
54,19,9
54,20,1
54,21,2
54,22,2
54,23,5
54,24,4
54,25,10
54,26,1
54,27,2
54,28,1
54,29,2
54,30,1
54,31,1
54,32,1
54,33,1
54,34,1
54,35,1
54,36,1
54,37,1
54,38,1
54,39,1
54,40,1
54,41,1
54,42,1
54,43,1
54,44,1
54,45,1
54,46,1
54,47,1
54,48,1
54,49,2
54,50,1
54,51,13
54,52,4
54,53,2
54,55,2
54,56,1
54,57,1
54,58,2
54,59,3
54,60,6
54,61,8
54,62,1
54,63,2
54,64,1
54,65,1
54,66,2
54,67,2
54,68,1
54,69,2
54,70,1
54,71,1
54,72,1
54,73,1
54,74,1
54,75,1
54,76,1
54,77,1
54,78,1
54,79,1
54,80,2
54,81,1
54,82,3
54,83,1
54,84,2
54,85,3
54,86,1
54,87,1
54,88,1
54,89,1
54,90,1
54,91,1
54,92,1
54,93,3
54,94,1
54,95,1
54,96,1
54,97,1
55,0,5
55,1,1
55,2,1
55,3,2
55,4,1
55,5,2
55,6,4
55,7,4
55,8,5
55,9,2
55,10,2
55,11,2
55,12,2
55,13,2
55,14,2
55,15,4
55,16,4
55,17,3
55,18,4
55,19,5
55,20,6
55,21,11
55,22,13
55,23,2
55,24,2
55,25,3
55,26,4
55,27,13
55,28,2
55,29,2
55,30,2
55,31,1
55,32,1
55,33,1
55,34,2
55,35,1
55,36,1
55,37,1
55,38,2
55,39,2
55,40,2
55,41,2
55,42,1
55,43,2
55,44,1
55,45,1
55,46,1
55,47,2
55,48,1
55,49,3
55,50,3
55,51,5
55,52,1
55,53,1
55,54,2
55,56,3
55,57,6
55,58,1
55,59,1
55,60,2
55,61,3
55,62,4
55,63,10
55,64,8
55,65,9
55,66,4
55,67,2
55,68,2
55,69,4
55,70,2
55,71,2
55,72,2
55,73,1
55,74,2
55,75,2
55,76,1
55,77,1
55,78,2
55,79,1
55,80,3
55,81,2
55,82,1
55,83,6
55,84,9
55,85,1
55,86,1
55,87,2
55,88,2
55,89,2
55,90,2
55,91,3
55,92,1
55,93,1
55,94,2
55,95,1
55,96,7
55,97,4
56,0,1
56,1,1
56,2,1
56,3,1
56,4,1
56,5,1
56,6,2
56,7,1
56,8,2
56,9,1
56,10,1
56,11,2
56,12,1
56,13,1
56,14,1
56,15,1
56,16,1
56,17,1
56,18,1
56,19,1
56,20,2
56,21,4
56,22,3
56,23,1
56,24,1
56,25,1
56,26,1
56,27,4
56,28,1
56,29,1
56,30,1
56,31,1
56,32,1
56,33,1
56,34,1
56,35,1
56,36,1
56,37,1
56,38,1
56,39,1
56,40,1
56,41,1
56,42,1
56,43,1
56,44,1
56,45,1
56,46,1
56,47,1
56,48,1
56,49,1
56,50,1
56,51,1
56,52,1
56,53,1
56,54,1
56,55,4
56,57,2
56,58,1
56,59,1
56,60,1
56,61,1
56,62,1
56,63,3
56,64,2
56,65,2
56,66,1
56,67,1
56,68,1
56,69,2
56,70,1
56,71,1
56,72,2
56,73,1
56,74,1
56,75,1
56,76,1
56,77,1
56,78,1
56,79,1
56,80,1
56,81,1
56,82,1
56,83,2
56,84,4
56,85,1
56,86,1
56,87,1
56,88,1
56,89,1
56,90,1
56,91,2
56,92,1
56,93,1
56,94,1
56,95,1
56,96,2
56,97,2
57,0,2
57,1,1
57,2,1
57,3,1
57,4,1
57,5,1
57,6,3
57,7,2
57,8,3
57,9,1
57,10,1
57,11,2
57,12,1
57,13,1
57,14,1
57,15,1
57,16,2
57,17,1
57,18,2
57,19,2
57,20,2
57,21,6
57,22,4
57,23,1
57,24,1
57,25,2
57,26,2
57,27,6
57,28,1
57,29,1
57,30,2
57,31,1
57,32,2
57,33,1
57,34,2
57,35,2
57,36,1
57,37,1
57,38,1
57,39,1
57,40,1
57,41,1
57,42,1
57,43,1
57,44,1
57,45,1
57,46,1
57,47,2
57,48,1
57,49,2
57,50,2
57,51,2
57,52,1
57,53,1
57,54,1
57,55,6
57,56,1
57,58,1
57,59,1
57,60,1
57,61,2
57,62,2
57,63,4
57,64,3
57,65,4
57,66,2
57,67,2
57,68,1
57,69,2
57,70,2
57,71,2
57,72,3
57,73,1
57,74,1
57,75,2
57,76,1
57,77,1
57,78,1
57,79,1
57,80,2
57,81,1
57,82,1
57,83,3
57,84,5
57,85,1
57,86,1
57,87,1
57,88,1
57,89,2
57,90,1
57,91,2
57,92,1
57,93,1
57,94,1
57,95,1
57,96,3
57,97,3
58,0,2
58,1,1
58,2,1
58,3,1
58,4,1
58,5,1
58,6,2
58,7,2
58,8,2
58,9,1
58,10,1
58,11,1
58,12,1
58,13,1
58,14,1
58,15,4
58,16,4
58,17,5
58,18,4
58,19,5
58,20,1
58,21,1
58,22,1
58,23,2
58,24,2
58,25,3
58,26,1
58,27,1
58,28,1
58,29,1
58,30,1
58,31,1
58,32,1
58,33,1
58,34,1
58,35,1
58,36,1
58,37,1
58,38,1
58,39,1
58,40,1
58,41,1
58,42,1
58,43,1
58,44,1
58,45,1
58,46,1
58,47,2
58,48,1
58,49,1
58,50,1
58,51,5
58,52,2
58,53,1
58,54,2
58,55,1
58,56,1
58,57,1
58,59,2
58,60,2
58,61,2
58,62,1
58,63,1
58,64,1
58,65,1
58,66,1
58,67,1
58,68,1
58,69,1
58,70,1
58,71,1
58,72,1
58,73,1
58,74,1
58,75,1
58,76,1
58,77,1
58,78,1
58,79,1
58,80,2
58,81,1
58,82,2
58,83,1
58,84,1
58,85,1
58,86,1
58,87,1
58,88,1
58,89,1
58,90,1
58,91,1
58,92,1
58,93,1
58,94,1
58,95,1
58,96,1
58,97,1
59,0,3
59,1,1
59,2,1
59,3,1
59,4,1
59,5,1
59,6,2
59,7,2
59,8,2
59,9,2
59,10,1
59,11,2
59,12,1
59,13,1
59,14,1
59,15,7
59,16,8
59,17,6
59,18,7
59,19,8
59,20,1
59,21,1
59,22,1
59,23,3
59,24,3
59,25,6
59,26,1
59,27,2
59,28,1
59,29,2
59,30,1
59,31,1
59,32,1
59,33,1
59,34,1
59,35,1
59,36,1
59,37,1
59,38,1
59,39,2
59,40,1
59,41,2
59,42,1
59,43,1
59,44,1
59,45,2
59,46,2
59,47,2
59,48,1
59,49,1
59,50,1
59,51,9
59,52,2
59,53,2
59,54,4
59,55,2
59,56,1
59,57,1
59,58,2
59,60,4
59,61,5
59,62,1
59,63,2
59,64,1
59,65,1
59,66,2
59,67,2
59,68,1
59,69,2
59,70,1
59,71,1
59,72,1
59,73,1
59,74,1
59,75,1
59,76,1
59,77,1
59,78,2
59,79,1
59,80,2
59,81,2
59,82,3
59,83,1
59,84,2
59,85,2
59,86,1
59,87,1
59,88,1
59,89,1
59,90,1
59,91,2
59,92,1
59,93,2
59,94,1
59,95,1
59,96,1
59,97,1
60,0,3
60,1,1
60,2,1
60,3,2
60,4,2
60,5,2
60,6,5
60,7,3
60,8,5
60,9,2
60,10,2
60,11,2
60,12,1
60,13,2
60,14,1
60,15,13
60,16,11
60,17,11
60,18,13
60,19,15
60,20,1
60,21,2
60,22,2
60,23,5
60,24,4
60,25,8
60,26,1
60,27,2
60,28,1
60,29,2
60,30,1
60,31,1
60,32,1
60,33,2
60,34,1
60,35,1
60,36,1
60,37,2
60,38,3
60,39,2
60,40,1
60,41,2
60,42,1
60,43,1
60,44,2
60,45,3
60,46,3
60,47,3
60,48,1
60,49,3
60,50,2
60,51,11
60,52,3
60,53,2
60,54,6
60,55,2
60,56,1
60,57,1
60,58,2
60,59,3
60,61,6
60,62,1
60,63,2
60,64,1
60,65,1
60,66,3
60,67,2
60,68,1
60,69,3
60,70,1
60,71,1
60,72,2
60,73,1
60,74,1
60,75,1
60,76,1
60,77,2
60,78,2
60,79,1
60,80,3
60,81,2
60,82,4
60,83,2
60,84,2
60,85,3
60,86,1
60,87,1
60,88,2
60,89,2
60,90,1
60,91,1
60,92,1
60,93,3
60,94,1
60,95,1
60,96,1
60,97,1
61,0,5
61,1,2
61,2,1
61,3,2
61,4,2
61,5,3
61,6,6
61,7,4
61,8,6
61,9,3
61,10,2
61,11,3
61,12,1
61,13,2
61,14,2
61,15,15
61,16,16
61,17,17
61,18,16
61,19,18
61,20,2
61,21,3
61,22,3
61,23,10
61,24,6
61,25,15
61,26,1
61,27,3
61,28,2
61,29,3
61,30,2
61,31,1
61,32,1
61,33,2
61,34,2
61,35,2
61,36,2
61,37,2
61,38,3
61,39,3
61,40,2
61,41,2
61,42,1
61,43,2
61,44,2
61,45,3
61,46,3
61,47,4
61,48,2
61,49,4
61,50,3
61,51,20
61,52,5
61,53,3
61,54,8
61,55,3
61,56,1
61,57,2
61,58,3
61,59,5
61,60,7
61,62,1
61,63,2
61,64,2
61,65,2
61,66,3
61,67,3
61,68,2
61,69,5
61,70,1
61,71,1
61,72,3
61,73,1
61,74,2
61,75,2
61,76,1
61,77,2
61,78,3
61,79,1
61,80,4
61,81,2
61,82,7
61,83,2
61,84,3
61,85,4
61,86,1
61,87,2
61,88,2
61,89,2
61,90,1
61,91,2
61,92,1
61,93,5
61,94,2
61,95,1
61,96,2
61,97,1
62,0,2
62,1,1
62,2,1
62,3,2
62,4,1
62,5,2
62,6,3
62,7,2
62,8,3
62,9,2
62,10,1
62,11,2
62,12,1
62,13,1
62,14,1
62,15,1
62,16,2
62,17,2
62,18,1
62,19,2
62,20,2
62,21,4
62,22,5
62,23,1
62,24,1
62,25,2
62,26,1
62,27,4
62,28,1
62,29,1
62,30,1
62,31,1
62,32,1
62,33,1
62,34,1
62,35,1
62,36,1
62,37,1
62,38,2
62,39,2
62,40,1
62,41,1
62,42,1
62,43,1
62,44,2
62,45,3
62,46,3
62,47,3
62,48,2
62,49,2
62,50,1
62,51,2
62,52,1
62,53,1
62,54,1
62,55,4
62,56,1
62,57,2
62,58,1
62,59,1
62,60,1
62,61,1
62,63,4
62,64,3
62,65,3
62,66,1
62,67,2
62,68,1
62,69,2
62,70,1
62,71,1
62,72,2
62,73,1
62,74,2
62,75,1
62,76,1
62,77,1
62,78,1
62,79,1
62,80,3
62,81,1
62,82,1
62,83,3
62,84,4
62,85,1
62,86,1
62,87,1
62,88,1
62,89,1
62,90,1
62,91,2
62,92,1
62,93,1
62,94,1
62,95,1
62,96,2
62,97,2
63,0,4
63,1,1
63,2,1
63,3,2
63,4,2
63,5,2
63,6,6
63,7,4
63,8,6
63,9,3
63,10,2
63,11,4
63,12,2
63,13,3
63,14,2
63,15,2
63,16,3
63,17,2
63,18,3
63,19,3
63,20,3
63,21,9
63,22,11
63,23,2
63,24,2
63,25,2
63,26,3
63,27,8
63,28,2
63,29,2
63,30,3
63,31,1
63,32,2
63,33,2
63,34,2
63,35,2
63,36,1
63,37,1
63,38,2
63,39,2
63,40,2
63,41,2
63,42,1
63,43,2
63,44,2
63,45,3
63,46,3
63,47,4
63,48,2
63,49,3
63,50,3
63,51,3
63,52,1
63,53,1
63,54,2
63,55,10
63,56,2
63,57,4
63,58,1
63,59,1
63,60,2
63,61,2
63,62,3
63,64,4
63,65,4
63,66,3
63,67,2
63,68,2
63,69,4
63,70,2
63,71,2
63,72,3
63,73,2
63,74,3
63,75,2
63,76,2
63,77,1
63,78,2
63,79,1
63,80,4
63,81,2
63,82,1
63,83,4
63,84,8
63,85,1
63,86,1
63,87,2
63,88,2
63,89,3
63,90,2
63,91,3
63,92,1
63,93,1
63,94,2
63,95,1
63,96,5
63,97,4
64,0,3
64,1,1
64,2,1
64,3,2
64,4,1
64,5,3
64,6,5
64,7,4
64,8,5
64,9,3
64,10,2
64,11,4
64,12,2
64,13,2
64,14,2
64,15,2
64,16,2
64,17,2
64,18,2
64,19,3
64,20,3
64,21,9
64,22,10
64,23,2
64,24,1
64,25,3
64,26,3
64,27,7
64,28,1
64,29,2
64,30,2
64,31,1
64,32,2
64,33,2
64,34,2
64,35,2
64,36,1
64,37,2
64,38,2
64,39,2
64,40,1
64,41,2
64,42,1
64,43,1
64,44,2
64,45,3
64,46,3
64,47,4
64,48,2
64,49,3
64,50,2
64,51,4
64,52,1
64,53,1
64,54,1
64,55,10
64,56,2
64,57,4
64,58,1
64,59,1
64,60,2
64,61,2
64,62,3
64,63,5
64,65,4
64,66,2
64,67,3
64,68,1
64,69,4
64,70,2
64,71,2
64,72,3
64,73,1
64,74,2
64,75,2
64,76,1
64,77,2
64,78,2
64,79,1
64,80,4
64,81,2
64,82,1
64,83,4
64,84,7
64,85,1
64,86,1
64,87,2
64,88,2
64,89,2
64,90,2
64,91,2
64,92,1
64,93,1
64,94,2
64,95,1
64,96,5
64,97,3
65,0,4
65,1,1
65,2,1
65,3,2
65,4,2
65,5,2
65,6,5
65,7,3
65,8,5
65,9,3
65,10,2
65,11,3
65,12,1
65,13,2
65,14,1
65,15,2
65,16,3
65,17,2
65,18,3
65,19,3
65,20,3
65,21,7
65,22,9
65,23,2
65,24,1
65,25,2
65,26,3
65,27,6
65,28,1
65,29,2
65,30,2
65,31,1
65,32,1
65,33,2
65,34,2
65,35,2
65,36,1
65,37,1
65,38,2
65,39,2
65,40,1
65,41,1
65,42,1
65,43,1
65,44,2
65,45,3
65,46,2
65,47,3
65,48,2
65,49,3
65,50,2
65,51,2
65,52,1
65,53,1
65,54,1
65,55,8
65,56,2
65,57,4
65,58,1
65,59,1
65,60,1
65,61,2
65,62,2
65,63,4
65,64,3
65,66,3
65,67,2
65,68,1
65,69,3
65,70,2
65,71,1
65,72,2
65,73,1
65,74,2
65,75,2
65,76,1
65,77,1
65,78,2
65,79,1
65,80,3
65,81,2
65,82,1
65,83,4
65,84,7
65,85,1
65,86,1
65,87,1
65,88,2
65,89,2
65,90,2
65,91,3
65,92,1
65,93,1
65,94,1
65,95,1
65,96,4
65,97,3
66,0,6
66,1,2
66,2,2
66,3,4
66,4,2
66,5,5
66,6,9
66,7,6
66,8,7
66,9,5
66,10,3
66,11,6
66,12,2
66,13,4
66,14,3
66,15,3
66,16,4
66,17,3
66,18,3
66,19,4
66,20,2
66,21,3
66,22,3
66,23,3
66,24,2
66,25,5
66,26,1
66,27,3
66,28,10
66,29,13
66,30,3
66,31,2
66,32,2
66,33,2
66,34,3
66,35,3
66,36,2
66,37,3
66,38,4
66,39,4
66,40,2
66,41,3
66,42,2
66,43,2
66,44,3
66,45,6
66,46,5
66,47,6
66,48,4
66,49,4
66,50,3
66,51,6
66,52,2
66,53,1
66,54,2
66,55,4
66,56,1
66,57,2
66,58,1
66,59,2
66,60,3
66,61,3
66,62,1
66,63,3
66,64,2
66,65,3
66,67,13
66,68,10
66,69,27
66,70,3
66,71,2
66,72,4
66,73,2
66,74,4
66,75,3
66,76,2
66,77,3
66,78,3
66,79,2
66,80,6
66,81,3
66,82,2
66,83,2
66,84,3
66,85,2
66,86,4
66,87,10
66,88,13
66,89,16
66,90,3
66,91,4
66,92,1
66,93,2
66,94,12
66,95,1
66,96,2
66,97,1
67,0,5
67,1,1
67,2,2
67,3,3
67,4,2
67,5,3
67,6,8
67,7,5
67,8,7
67,9,5
67,10,2
67,11,6
67,12,2
67,13,3
67,14,2
67,15,3
67,16,3
67,17,2
67,18,3
67,19,3
67,20,2
67,21,3
67,22,3
67,23,2
67,24,2
67,25,3
67,26,1
67,27,3
67,28,7
67,29,14
67,30,3
67,31,2
67,32,3
67,33,2
67,34,2
67,35,3
67,36,2
67,37,2
67,38,3
67,39,2
67,40,2
67,41,2
67,42,1
67,43,2
67,44,2
67,45,5
67,46,4
67,47,5
67,48,3
67,49,3
67,50,3
67,51,4
67,52,2
67,53,1
67,54,2
67,55,3
67,56,1
67,57,2
67,58,1
67,59,2
67,60,2
67,61,3
67,62,1
67,63,3
67,64,2
67,65,2
67,66,13
67,68,6
67,69,30
67,70,3
67,71,3
67,72,5
67,73,2
67,74,3
67,75,2
67,76,3
67,77,1
67,78,3
67,79,1
67,80,5
67,81,3
67,82,1
67,83,2
67,84,3
67,85,2
67,86,4
67,87,8
67,88,10
67,89,14
67,90,2
67,91,3
67,92,1
67,93,1
67,94,13
67,95,1
67,96,2
67,97,1
68,0,2
68,1,1
68,2,1
68,3,2
68,4,1
68,5,2
68,6,4
68,7,3
68,8,4
68,9,3
68,10,2
68,11,3
68,12,1
68,13,2
68,14,2
68,15,1
68,16,2
68,17,1
68,18,1
68,19,2
68,20,1
68,21,2
68,22,2
68,23,2
68,24,1
68,25,2
68,26,1
68,27,2
68,28,4
68,29,7
68,30,2
68,31,1
68,32,2
68,33,2
68,34,1
68,35,2
68,36,1
68,37,1
68,38,1
68,39,2
68,40,1
68,41,1
68,42,1
68,43,1
68,44,2
68,45,3
68,46,2
68,47,3
68,48,2
68,49,3
68,50,2
68,51,3
68,52,1
68,53,1
68,54,1
68,55,2
68,56,1
68,57,1
68,58,1
68,59,1
68,60,2
68,61,2
68,62,1
68,63,2
68,64,1
68,65,2
68,66,10
68,67,6
68,69,16
68,70,2
68,71,2
68,72,3
68,73,2
68,74,2
68,75,1
68,76,2
68,77,1
68,78,1
68,79,1
68,80,3
68,81,2
68,82,1
68,83,1
68,84,2
68,85,1
68,86,2
68,87,4
68,88,6
68,89,10
68,90,2
68,91,2
68,92,1
68,93,1
68,94,8
68,95,1
68,96,1
68,97,1
69,0,5
69,1,1
69,2,2
69,3,3
69,4,2
69,5,3
69,6,10
69,7,6
69,8,10
69,9,4
69,10,2
69,11,9
69,12,2
69,13,4
69,14,3
69,15,2
69,16,4
69,17,1
69,18,3
69,19,4
69,20,3
69,21,5
69,22,5
69,23,3
69,24,2
69,25,4
69,26,2
69,27,5
69,28,11
69,29,20
69,30,4
69,31,3
69,32,7
69,33,4
69,34,5
69,35,6
69,36,1
69,37,1
69,38,2
69,39,2
69,40,2
69,41,2
69,42,1
69,43,2
69,44,1
69,45,3
69,46,2
69,47,4
69,48,4
69,49,6
69,50,5
69,51,5
69,52,2
69,53,2
69,54,2
69,55,5
69,56,2
69,57,3
69,58,1
69,59,2
69,60,3
69,61,5
69,62,2
69,63,5
69,64,3
69,65,3
69,66,28
69,67,30
69,68,16
69,70,5
69,71,7
69,72,10
69,73,4
69,74,4
69,75,5
69,76,6
69,77,1
69,78,2
69,79,1
69,80,4
69,81,5
69,82,2
69,83,3
69,84,5
69,85,2
69,86,8
69,87,16
69,88,14
69,89,23
69,90,4
69,91,5
69,92,2
69,93,1
69,94,32
69,95,1
69,96,4
69,97,2
70,0,2
70,1,1
70,2,1
70,3,1
70,4,1
70,5,2
70,6,5
70,7,3
70,8,5
70,9,2
70,10,1
70,11,6
70,12,1
70,13,2
70,14,2
70,15,1
70,16,1
70,17,1
70,18,1
70,19,1
70,20,2
70,21,2
70,22,3
70,23,1
70,24,1
70,25,1
70,26,1
70,27,3
70,28,2
70,29,3
70,30,11
70,31,6
70,32,12
70,33,10
70,34,10
70,35,19
70,36,1
70,37,1
70,38,1
70,39,1
70,40,1
70,41,1
70,42,1
70,43,1
70,44,1
70,45,1
70,46,1
70,47,2
70,48,2
70,49,3
70,50,3
70,51,1
70,52,1
70,53,1
70,54,1
70,55,2
70,56,1
70,57,1
70,58,1
70,59,1
70,60,1
70,61,1
70,62,1
70,63,2
70,64,2
70,65,1
70,66,2
70,67,3
70,68,2
70,69,6
70,71,13
70,72,20
70,73,8
70,74,10
70,75,10
70,76,17
70,77,1
70,78,1
70,79,1
70,80,2
70,81,3
70,82,1
70,83,1
70,84,3
70,85,1
70,86,1
70,87,2
70,88,2
70,89,3
70,90,11
70,91,17
70,92,4
70,93,1
70,94,3
70,95,1
70,96,2
70,97,2
71,0,1
71,1,1
71,2,1
71,3,1
71,4,1
71,5,2
71,6,4
71,7,3
71,8,4
71,9,2
71,10,1
71,11,3
71,12,2
71,13,2
71,14,2
71,15,1
71,16,1
71,17,1
71,18,1
71,19,1
71,20,2
71,21,2
71,22,3
71,23,1
71,24,1
71,25,1
71,26,1
71,27,3
71,28,2
71,29,3
71,30,16
71,31,8
71,32,12
71,33,9
71,34,9
71,35,20
71,36,1
71,37,1
71,38,1
71,39,1
71,40,1
71,41,1
71,42,1
71,43,1
71,44,1
71,45,1
71,46,1
71,47,2
71,48,2
71,49,3
71,50,2
71,51,1
71,52,1
71,53,1
71,54,1
71,55,1
71,56,1
71,57,2
71,58,1
71,59,1
71,60,1
71,61,1
71,62,1
71,63,2
71,64,2
71,65,1
71,66,3
71,67,2
71,68,2
71,69,6
71,70,13
71,72,23
71,73,10
71,74,11
71,75,9
71,76,18
71,77,1
71,78,1
71,79,1
71,80,1
71,81,2
71,82,1
71,83,1
71,84,2
71,85,1
71,86,1
71,87,2
71,88,3
71,89,4
71,90,13
71,91,18
71,92,4
71,93,1
71,94,3
71,95,1
71,96,2
71,97,2
72,0,4
72,1,1
72,2,1
72,3,3
72,4,2
72,5,4
72,6,8
72,7,6
72,8,7
72,9,5
72,10,2
72,11,8
72,12,3
72,13,4
72,14,4
72,15,1
72,16,2
72,17,1
72,18,1
72,19,2
72,20,3
72,21,3
72,22,4
72,23,2
72,24,1
72,25,2
72,26,2
72,27,5
72,28,3
72,29,4
72,30,16
72,31,9
72,32,19
72,33,12
72,34,16
72,35,20
72,36,1
72,37,1
72,38,1
72,39,2
72,40,1
72,41,1
72,42,1
72,43,2
72,44,1
72,45,3
72,46,2
72,47,4
72,48,4
72,49,6
72,50,4
72,51,2
72,52,1
72,53,1
72,54,1
72,55,2
72,56,2
72,57,2
72,58,1
72,59,1
72,60,2
72,61,3
72,62,2
72,63,4
72,64,4
72,65,2
72,66,5
72,67,4
72,68,3
72,69,9
72,70,21
72,71,24
72,73,13
72,74,20
72,75,17
72,76,20
72,77,1
72,78,1
72,79,1
72,80,3
72,81,6
72,82,1
72,83,2
72,84,4
72,85,1
72,86,1
72,87,3
72,88,4
72,89,6
72,90,15
72,91,29
72,92,5
72,93,1
72,94,6
72,95,1
72,96,3
72,97,2
73,0,1
73,1,1
73,2,1
73,3,1
73,4,1
73,5,1
73,6,4
73,7,2
73,8,4
73,9,2
73,10,1
73,11,4
73,12,1
73,13,2
73,14,1
73,15,1
73,16,1
73,17,1
73,18,1
73,19,1
73,20,1
73,21,1
73,22,2
73,23,1
73,24,1
73,25,1
73,26,1
73,27,2
73,28,1
73,29,2
73,30,8
73,31,5
73,32,8
73,33,7
73,34,8
73,35,11
73,36,1
73,37,1
73,38,1
73,39,1
73,40,1
73,41,1
73,42,1
73,43,1
73,44,1
73,45,1
73,46,1
73,47,2
73,48,2
73,49,3
73,50,2
73,51,1
73,52,1
73,53,1
73,54,1
73,55,1
73,56,1
73,57,1
73,58,1
73,59,1
73,60,1
73,61,1
73,62,1
73,63,1
73,64,2
73,65,1
73,66,2
73,67,2
73,68,1
73,69,5
73,70,8
73,71,10
73,72,12
73,74,8
73,75,8
73,76,11
73,77,1
73,78,1
73,79,1
73,80,2
73,81,2
73,82,1
73,83,1
73,84,2
73,85,1
73,86,1
73,87,2
73,88,2
73,89,2
73,90,8
73,91,12
73,92,3
73,93,1
73,94,3
73,95,1
73,96,1
73,97,1
74,0,6
74,1,2
74,2,2
74,3,3
74,4,3
74,5,4
74,6,9
74,7,5
74,8,7
74,9,5
74,10,2
74,11,6
74,12,2
74,13,3
74,14,3
74,15,1
74,16,2
74,17,1
74,18,1
74,19,2
74,20,2
74,21,2
74,22,2
74,23,2
74,24,1
74,25,2
74,26,1
74,27,4
74,28,2
74,29,3
74,30,11
74,31,7
74,32,10
74,33,7
74,34,7
74,35,12
74,36,2
74,37,1
74,38,3
74,39,2
74,40,2
74,41,2
74,42,1
74,43,2
74,44,2
74,45,6
74,46,5
74,47,6
74,48,4
74,49,4
74,50,3
74,51,2
74,52,1
74,53,1
74,54,1
74,55,2
74,56,1
74,57,2
74,58,1
74,59,1
74,60,1
74,61,2
74,62,2
74,63,2
74,64,3
74,65,2
74,66,3
74,67,3
74,68,2
74,69,5
74,70,11
74,71,11
74,72,20
74,73,8
74,75,8
74,76,11
74,77,1
74,78,3
74,79,1
74,80,5
74,81,3
74,82,1
74,83,2
74,84,3
74,85,1
74,86,1
74,87,2
74,88,2
74,89,3
74,90,10
74,91,13
74,92,3
74,93,1
74,94,3
74,95,1
74,96,1
74,97,1
75,0,4
75,1,2
75,2,1
75,3,3
75,4,2
75,5,4
75,6,8
75,7,5
75,8,7
75,9,5
75,10,3
75,11,5
75,12,2
75,13,3
75,14,2
75,15,1
75,16,2
75,17,1
75,18,1
75,19,1
75,20,2
75,21,2
75,22,3
75,23,2
75,24,1
75,25,2
75,26,1
75,27,4
75,28,2
75,29,2
75,30,10
75,31,6
75,32,9
75,33,7
75,34,6
75,35,11
75,36,2
75,37,2
75,38,3
75,39,3
75,40,1
75,41,2
75,42,2
75,43,2
75,44,3
75,45,5
75,46,4
75,47,5
75,48,3
75,49,4
75,50,2
75,51,2
75,52,1
75,53,1
75,54,1
75,55,2
75,56,1
75,57,1
75,58,1
75,59,1
75,60,1
75,61,2
75,62,1
75,63,2
75,64,2
75,65,2
75,66,3
75,67,2
75,68,1
75,69,4
75,70,10
75,71,9
75,72,16
75,73,8
75,74,8
75,76,9
75,77,2
75,78,2
75,79,1
75,80,4
75,81,2
75,82,1
75,83,1
75,84,3
75,85,1
75,86,1
75,87,1
75,88,2
75,89,3
75,90,9
75,91,12
75,92,3
75,93,1
75,94,2
75,95,1
75,96,1
75,97,1
76,0,1
76,1,1
76,2,1
76,3,1
76,4,1
76,5,2
76,6,4
76,7,2
76,8,3
76,9,2
76,10,1
76,11,4
76,12,2
76,13,2
76,14,2
76,15,1
76,16,1
76,17,1
76,18,1
76,19,1
76,20,1
76,21,1
76,22,2
76,23,1
76,24,1
76,25,1
76,26,1
76,27,2
76,28,2
76,29,2
76,30,14
76,31,9
76,32,12
76,33,8
76,34,9
76,35,11
76,36,1
76,37,1
76,38,1
76,39,1
76,40,1
76,41,1
76,42,1
76,43,1
76,44,1
76,45,1
76,46,1
76,47,2
76,48,2
76,49,3
76,50,2
76,51,1
76,52,1
76,53,1
76,54,1
76,55,1
76,56,1
76,57,1
76,58,1
76,59,1
76,60,1
76,61,1
76,62,1
76,63,2
76,64,2
76,65,1
76,66,2
76,67,2
76,68,2
76,69,5
76,70,18
76,71,18
76,72,20
76,73,11
76,74,11
76,75,9
76,77,1
76,78,1
76,79,1
76,80,1
76,81,3
76,82,1
76,83,1
76,84,2
76,85,1
76,86,1
76,87,2
76,88,3
76,89,4
76,90,13
76,91,17
76,92,4
76,93,1
76,94,3
76,95,1
76,96,1
76,97,1
77,0,15
77,1,3
77,2,3
77,3,6
77,4,7
77,5,6
77,6,8
77,7,9
77,8,7
77,9,3
77,10,1
77,11,2
77,12,1
77,13,1
77,14,4
77,15,4
77,16,3
77,17,4
77,18,3
77,19,3
77,20,1
77,21,1
77,22,1
77,23,2
77,24,2
77,25,4
77,26,1
77,27,2
77,28,1
77,29,1
77,30,1
77,31,1
77,32,1
77,33,1
77,34,1
77,35,1
77,36,5
77,37,3
77,38,6
77,39,8
77,40,4
77,41,8
77,42,3
77,43,4
77,44,1
77,45,3
77,46,3
77,47,2
77,48,2
77,49,4
77,50,3
77,51,4
77,52,1
77,53,1
77,54,1
77,55,1
77,56,1
77,57,1
77,58,1
77,59,1
77,60,2
77,61,2
77,62,1
77,63,2
77,64,1
77,65,2
77,66,2
77,67,2
77,68,1
77,69,1
77,70,1
77,71,1
77,72,1
77,73,1
77,74,2
77,75,2
77,76,1
77,78,8
77,79,3
77,80,2
77,81,4
77,82,1
77,83,1
77,84,1
77,85,1
77,86,1
77,87,1
77,88,1
77,89,1
77,90,1
77,91,2
77,92,1
77,93,1
77,94,1
77,95,2
77,96,1
77,97,1
78,0,15
78,1,4
78,2,3
78,3,7
78,4,4
78,5,9
78,6,19
78,7,13
78,8,16
78,9,3
78,10,2
78,11,3
78,12,1
78,13,1
78,14,5
78,15,3
78,16,3
78,17,3
78,18,3
78,19,3
78,20,1
78,21,1
78,22,1
78,23,2
78,24,2
78,25,3
78,26,1
78,27,3
78,28,1
78,29,1
78,30,1
78,31,1
78,32,1
78,33,1
78,34,2
78,35,1
78,36,6
78,37,4
78,38,11
78,39,6
78,40,4
78,41,6
78,42,3
78,43,4
78,44,2
78,45,5
78,46,5
78,47,4
78,48,2
78,49,9
78,50,5
78,51,4
78,52,1
78,53,1
78,54,1
78,55,2
78,56,1
78,57,1
78,58,1
78,59,1
78,60,2
78,61,2
78,62,1
78,63,2
78,64,2
78,65,2
78,66,3
78,67,2
78,68,1
78,69,2
78,70,1
78,71,1
78,72,1
78,73,1
78,74,3
78,75,2
78,76,1
78,77,8
78,79,3
78,80,3
78,81,5
78,82,1
78,83,1
78,84,2
78,85,1
78,86,1
78,87,1
78,88,1
78,89,1
78,90,1
78,91,2
78,92,1
78,93,1
78,94,1
78,95,3
78,96,1
78,97,1
79,0,6
79,1,2
79,2,2
79,3,3
79,4,3
79,5,3
79,6,6
79,7,4
79,8,5
79,9,1
79,10,1
79,11,1
79,12,1
79,13,1
79,14,2
79,15,2
79,16,1
79,17,2
79,18,1
79,19,1
79,20,1
79,21,1
79,22,1
79,23,1
79,24,1
79,25,2
79,26,1
79,27,1
79,28,1
79,29,1
79,30,1
79,31,1
79,32,1
79,33,1
79,34,1
79,35,1
79,36,3
79,37,3
79,38,6
79,39,3
79,40,2
79,41,3
79,42,2
79,43,2
79,44,1
79,45,2
79,46,2
79,47,1
79,48,1
79,49,3
79,50,2
79,51,2
79,52,1
79,53,1
79,54,1
79,55,1
79,56,1
79,57,1
79,58,1
79,59,1
79,60,1
79,61,1
79,62,1
79,63,1
79,64,1
79,65,1
79,66,1
79,67,1
79,68,1
79,69,1
79,70,1
79,71,1
79,72,1
79,73,1
79,74,1
79,75,1
79,76,1
79,77,3
79,78,3
79,80,1
79,81,2
79,82,1
79,83,1
79,84,1
79,85,1
79,86,1
79,87,1
79,88,1
79,89,1
79,90,1
79,91,1
79,92,1
79,93,1
79,94,1
79,95,1
79,96,1
79,97,1
80,0,8
80,1,1
80,2,1
80,3,3
80,4,3
80,5,2
80,6,3
80,7,5
80,8,2
80,9,20
80,10,3
80,11,26
80,12,13
80,13,6
80,14,3
80,15,6
80,16,6
80,17,5
80,18,4
80,19,5
80,20,3
80,21,3
80,22,1
80,23,5
80,24,3
80,25,6
80,26,4
80,27,6
80,28,3
80,29,3
80,30,3
80,31,2
80,32,2
80,33,1
80,34,4
80,35,1
80,36,2
80,37,1
80,38,1
80,39,4
80,40,2
80,41,4
80,42,2
80,43,2
80,44,2
80,45,8
80,46,17
80,47,8
80,48,16
80,49,2
80,50,2
80,51,7
80,52,2
80,53,1
80,54,2
80,55,3
80,56,1
80,57,2
80,58,2
80,59,2
80,60,4
80,61,5
80,62,3
80,63,5
80,64,4
80,65,4
80,66,8
80,67,5
80,68,3
80,69,5
80,70,3
80,71,2
80,72,4
80,73,2
80,74,7
80,75,7
80,76,2
80,77,2
80,78,5
80,79,2
80,81,4
80,82,2
80,83,3
80,84,4
80,85,2
80,86,1
80,87,3
80,88,3
80,89,2
80,90,4
80,91,7
80,92,1
80,93,2
80,94,1
80,95,1
80,96,2
80,97,1
81,0,9
81,1,3
81,2,3
81,3,6
81,4,4
81,5,8
81,6,15
81,7,12
81,8,14
81,9,3
81,10,2
81,11,3
81,12,1
81,13,1
81,14,3
81,15,2
81,16,2
81,17,1
81,18,1
81,19,2
81,20,2
81,21,1
81,22,2
81,23,2
81,24,1
81,25,2
81,26,1
81,27,4
81,28,2
81,29,2
81,30,3
81,31,2
81,32,3
81,33,3
81,34,3
81,35,3
81,36,4
81,37,4
81,38,8
81,39,5
81,40,3
81,41,4
81,42,3
81,43,3
81,44,2
81,45,4
81,46,3
81,47,3
81,48,2
81,49,8
81,50,5
81,51,3
81,52,1
81,53,1
81,54,1
81,55,2
81,56,1
81,57,1
81,58,1
81,59,1
81,60,2
81,61,2
81,62,1
81,63,2
81,64,2
81,65,1
81,66,3
81,67,2
81,68,2
81,69,4
81,70,2
81,71,3
81,72,5
81,73,2
81,74,2
81,75,3
81,76,3
81,77,4
81,78,5
81,79,2
81,80,3
81,82,1
81,83,1
81,84,2
81,85,1
81,86,1
81,87,2
81,88,2
81,89,2
81,90,2
81,91,3
81,92,1
81,93,1
81,94,2
81,95,2
81,96,1
81,97,1
82,0,2
82,1,1
82,2,1
82,3,1
82,4,1
82,5,1
82,6,3
82,7,2
82,8,3
82,9,1
82,10,1
82,11,1
82,12,1
82,13,1
82,14,1
82,15,9
82,16,9
82,17,8
82,18,11
82,19,9
82,20,1
82,21,2
82,22,2
82,23,4
82,24,4
82,25,8
82,26,1
82,27,2
82,28,1
82,29,1
82,30,1
82,31,1
82,32,1
82,33,1
82,34,1
82,35,1
82,36,1
82,37,1
82,38,1
82,39,1
82,40,1
82,41,1
82,42,1
82,43,1
82,44,1
82,45,1
82,46,1
82,47,1
82,48,1
82,49,2
82,50,1
82,51,8
82,52,2
82,53,2
82,54,3
82,55,2
82,56,1
82,57,1
82,58,2
82,59,3
82,60,5
82,61,7
82,62,1
82,63,1
82,64,1
82,65,1
82,66,2
82,67,1
82,68,1
82,69,2
82,70,1
82,71,1
82,72,1
82,73,1
82,74,1
82,75,1
82,76,1
82,77,1
82,78,1
82,79,1
82,80,2
82,81,1
82,83,1
82,84,2
82,85,3
82,86,1
82,87,1
82,88,1
82,89,1
82,90,1
82,91,1
82,92,1
82,93,2
82,94,1
82,95,1
82,96,1
82,97,1
83,0,3
83,1,1
83,2,1
83,3,1
83,4,1
83,5,2
83,6,4
83,7,3
83,8,4
83,9,2
83,10,1
83,11,2
83,12,1
83,13,2
83,14,1
83,15,2
83,16,2
83,17,2
83,18,2
83,19,3
83,20,2
83,21,6
83,22,7
83,23,1
83,24,1
83,25,2
83,26,2
83,27,8
83,28,1
83,29,2
83,30,2
83,31,1
83,32,1
83,33,1
83,34,1
83,35,1
83,36,1
83,37,1
83,38,1
83,39,1
83,40,1
83,41,1
83,42,1
83,43,1
83,44,1
83,45,2
83,46,1
83,47,2
83,48,1
83,49,2
83,50,2
83,51,2
83,52,1
83,53,1
83,54,1
83,55,6
83,56,2
83,57,3
83,58,1
83,59,1
83,60,1
83,61,2
83,62,2
83,63,4
83,64,3
83,65,4
83,66,2
83,67,2
83,68,1
83,69,3
83,70,2
83,71,1
83,72,2
83,73,1
83,74,2
83,75,1
83,76,1
83,77,1
83,78,1
83,79,1
83,80,2
83,81,2
83,82,1
83,84,5
83,85,1
83,86,1
83,87,1
83,88,2
83,89,2
83,90,2
83,91,2
83,92,1
83,93,1
83,94,1
83,95,1
83,96,4
83,97,3
84,0,5
84,1,1
84,2,1
84,3,2
84,4,1
84,5,3
84,6,6
84,7,4
84,8,6
84,9,2
84,10,2
84,11,4
84,12,1
84,13,2
84,14,2
84,15,3
84,16,3
84,17,3
84,18,3
84,19,4
84,20,5
84,21,9
84,22,15
84,23,2
84,24,2
84,25,4
84,26,4
84,27,14
84,28,2
84,29,3
84,30,3
84,31,1
84,32,2
84,33,2
84,34,2
84,35,2
84,36,1
84,37,1
84,38,2
84,39,2
84,40,1
84,41,2
84,42,1
84,43,1
84,44,1
84,45,1
84,46,2
84,47,3
84,48,2
84,49,4
84,50,3
84,51,5
84,52,2
84,53,1
84,54,2
84,55,10
84,56,3
84,57,6
84,58,1
84,59,2
84,60,2
84,61,3
84,62,4
84,63,10
84,64,7
84,65,8
84,66,3
84,67,3
84,68,2
84,69,6
84,70,3
84,71,2
84,72,3
84,73,2
84,74,3
84,75,2
84,76,1
84,77,1
84,78,2
84,79,1
84,80,4
84,81,2
84,82,2
84,83,6
84,85,1
84,86,2
84,87,2
84,88,2
84,89,2
84,90,2
84,91,4
84,92,1
84,93,1
84,94,3
84,95,1
84,96,7
84,97,5
85,0,2
85,1,1
85,2,1
85,3,1
85,4,1
85,5,2
85,6,3
85,7,2
85,8,3
85,9,2
85,10,1
85,11,2
85,12,1
85,13,1
85,14,1
85,15,6
85,16,7
85,17,7
85,18,6
85,19,7
85,20,1
85,21,1
85,22,1
85,23,3
85,24,2
85,25,5
85,26,1
85,27,1
85,28,1
85,29,1
85,30,1
85,31,1
85,32,1
85,33,1
85,34,1
85,35,1
85,36,1
85,37,1
85,38,2
85,39,1
85,40,1
85,41,1
85,42,1
85,43,1
85,44,1
85,45,2
85,46,2
85,47,2
85,48,1
85,49,2
85,50,1
85,51,9
85,52,3
85,53,2
85,54,3
85,55,1
85,56,1
85,57,1
85,58,1
85,59,2
85,60,3
85,61,4
85,62,1
85,63,1
85,64,1
85,65,1
85,66,2
85,67,2
85,68,1
85,69,2
85,70,1
85,71,1
85,72,1
85,73,1
85,74,1
85,75,1
85,76,1
85,77,1
85,78,1
85,79,1
85,80,2
85,81,1
85,82,3
85,83,1
85,84,1
85,86,1
85,87,1
85,88,1
85,89,1
85,90,1
85,91,1
85,92,1
85,93,2
85,94,1
85,95,1
85,96,1
85,97,1
86,0,3
86,1,1
86,2,1
86,3,1
86,4,1
86,5,1
86,6,1
86,7,2
86,8,1
86,9,1
86,10,1
86,11,2
86,12,1
86,13,1
86,14,1
86,15,2
86,16,2
86,17,2
86,18,2
86,19,3
86,20,1
86,21,2
86,22,1
86,23,1
86,24,1
86,25,2
86,26,1
86,27,1
86,28,3
86,29,5
86,30,1
86,31,1
86,32,1
86,33,1
86,34,1
86,35,1
86,36,1
86,37,1
86,38,1
86,39,1
86,40,1
86,41,1
86,42,1
86,43,1
86,44,1
86,45,1
86,46,1
86,47,1
86,48,1
86,49,1
86,50,1
86,51,3
86,52,1
86,53,1
86,54,1
86,55,1
86,56,1
86,57,1
86,58,1
86,59,1
86,60,2
86,61,2
86,62,1
86,63,1
86,64,1
86,65,1
86,66,6
86,67,5
86,68,3
86,69,11
86,70,1
86,71,1
86,72,2
86,73,1
86,74,1
86,75,1
86,76,1
86,77,1
86,78,1
86,79,1
86,80,1
86,81,2
86,82,1
86,83,1
86,84,2
86,85,1
86,87,3
86,88,4
86,89,6
86,90,1
86,91,2
86,92,1
86,93,1
86,94,5
86,95,1
86,96,1
86,97,1
87,0,3
87,1,1
87,2,1
87,3,2
87,4,1
87,5,2
87,6,4
87,7,3
87,8,4
87,9,2
87,10,1
87,11,4
87,12,1
87,13,2
87,14,2
87,15,2
87,16,2
87,17,1
87,18,2
87,19,2
87,20,1
87,21,2
87,22,2
87,23,2
87,24,1
87,25,2
87,26,1
87,27,2
87,28,3
87,29,7
87,30,2
87,31,2
87,32,2
87,33,2
87,34,2
87,35,2
87,36,1
87,37,1
87,38,1
87,39,1
87,40,1
87,41,1
87,42,1
87,43,1
87,44,1
87,45,2
87,46,2
87,47,2
87,48,2
87,49,2
87,50,2
87,51,3
87,52,1
87,53,1
87,54,1
87,55,2
87,56,1
87,57,1
87,58,1
87,59,1
87,60,2
87,61,2
87,62,1
87,63,2
87,64,2
87,65,2
87,66,11
87,67,8
87,68,4
87,69,16
87,70,2
87,71,2
87,72,3
87,73,2
87,74,2
87,75,2
87,76,2
87,77,1
87,78,1
87,79,1
87,80,2
87,81,2
87,82,1
87,83,2
87,84,2
87,85,1
87,86,2
87,88,5
87,89,10
87,90,2
87,91,2
87,92,1
87,93,1
87,94,10
87,95,1
87,96,1
87,97,1
88,0,2
88,1,1
88,2,1
88,3,2
88,4,1
88,5,2
88,6,4
88,7,3
88,8,4
88,9,2
88,10,2
88,11,4
88,12,1
88,13,2
88,14,2
88,15,1
88,16,2
88,17,1
88,18,1
88,19,2
88,20,1
88,21,2
88,22,2
88,23,2
88,24,1
88,25,2
88,26,1
88,27,2
88,28,5
88,29,7
88,30,2
88,31,1
88,32,2
88,33,2
88,34,2
88,35,3
88,36,1
88,37,1
88,38,1
88,39,1
88,40,1
88,41,1
88,42,1
88,43,1
88,44,1
88,45,2
88,46,2
88,47,2
88,48,2
88,49,3
88,50,2
88,51,3
88,52,1
88,53,1
88,54,1
88,55,2
88,56,1
88,57,2
88,58,1
88,59,1
88,60,2
88,61,2
88,62,1
88,63,2
88,64,2
88,65,2
88,66,13
88,67,10
88,68,6
88,69,14
88,70,3
88,71,2
88,72,4
88,73,2
88,74,2
88,75,2
88,76,2
88,77,1
88,78,1
88,79,1
88,80,2
88,81,2
88,82,1
88,83,2
88,84,2
88,85,1
88,86,3
88,87,5
88,89,12
88,90,2
88,91,2
88,92,1
88,93,1
88,94,12
88,95,1
88,96,2
88,97,1
89,0,2
89,1,1
89,2,1
89,3,1
89,4,1
89,5,2
89,6,5
89,7,3
89,8,5
89,9,2
89,10,1
89,11,4
89,12,1
89,13,2
89,14,2
89,15,1
89,16,2
89,17,1
89,18,1
89,19,2
89,20,2
89,21,3
89,22,3
89,23,1
89,24,1
89,25,2
89,26,1
89,27,3
89,28,10
89,29,14
89,30,3
89,31,2
89,32,4
89,33,2
89,34,2
89,35,5
89,36,1
89,37,1
89,38,1
89,39,1
89,40,1
89,41,1
89,42,1
89,43,1
89,44,1
89,45,1
89,46,1
89,47,2
89,48,2
89,49,3
89,50,3
89,51,3
89,52,1
89,53,1
89,54,1
89,55,2
89,56,1
89,57,2
89,58,1
89,59,1
89,60,2
89,61,2
89,62,1
89,63,3
89,64,2
89,65,2
89,66,16
89,67,14
89,68,10
89,69,23
89,70,3
89,71,3
89,72,5
89,73,3
89,74,3
89,75,2
89,76,3
89,77,1
89,78,1
89,79,1
89,80,2
89,81,3
89,82,1
89,83,2
89,84,3
89,85,1
89,86,5
89,87,10
89,88,12
89,90,3
89,91,5
89,92,1
89,93,1
89,94,13
89,95,1
89,96,2
89,97,1
90,0,3
90,1,1
90,2,1
90,3,2
90,4,1
90,5,2
90,6,6
90,7,3
90,8,5
90,9,3
90,10,2
90,11,7
90,12,1
90,13,2
90,14,2
90,15,1
90,16,1
90,17,1
90,18,1
90,19,1
90,20,2
90,21,2
90,22,2
90,23,1
90,24,1
90,25,1
90,26,1
90,27,3
90,28,1
90,29,2
90,30,7
90,31,6
90,32,12
90,33,6
90,34,6
90,35,12
90,36,1
90,37,1
90,38,1
90,39,1
90,40,1
90,41,1
90,42,1
90,43,2
90,44,1
90,45,3
90,46,2
90,47,3
90,48,3
90,49,3
90,50,3
90,51,1
90,52,1
90,53,1
90,54,1
90,55,1
90,56,1
90,57,1
90,58,1
90,59,1
90,60,1
90,61,1
90,62,1
90,63,2
90,64,2
90,65,1
90,66,2
90,67,3
90,68,2
90,69,5
90,70,11
90,71,13
90,72,14
90,73,8
90,74,10
90,75,10
90,76,12
90,77,1
90,78,1
90,79,1
90,80,3
90,81,3
90,82,1
90,83,1
90,84,2
90,85,1
90,86,1
90,87,2
90,88,2
90,89,3
90,91,9
90,92,2
90,93,1
90,94,3
90,95,1
90,96,1
90,97,1
91,0,5
91,1,1
91,2,2
91,3,3
91,4,2
91,5,4
91,6,11
91,7,5
91,8,9
91,9,5
91,10,3
91,11,8
91,12,2
91,13,4
91,14,3
91,15,1
91,16,2
91,17,1
91,18,1
91,19,2
91,20,2
91,21,2
91,22,4
91,23,2
91,24,1
91,25,2
91,26,1
91,27,5
91,28,2
91,29,3
91,30,11
91,31,9
91,32,17
91,33,10
91,34,9
91,35,18
91,36,2
91,37,1
91,38,2
91,39,2
91,40,2
91,41,2
91,42,1
91,43,2
91,44,2
91,45,5
91,46,4
91,47,6
91,48,4
91,49,5
91,50,4
91,51,2
91,52,1
91,53,1
91,54,1
91,55,2
91,56,2
91,57,2
91,58,1
91,59,1
91,60,1
91,61,2
91,62,2
91,63,3
91,64,3
91,65,2
91,66,4
91,67,4
91,68,2
91,69,6
91,70,17
91,71,18
91,72,28
91,73,12
91,74,13
91,75,12
91,76,17
91,77,1
91,78,2
91,79,1
91,80,6
91,81,5
91,82,1
91,83,2
91,84,4
91,85,1
91,86,1
91,87,2
91,88,2
91,89,4
91,90,9
91,92,4
91,93,1
91,94,4
91,95,1
91,96,2
91,97,2
92,0,2
92,1,1
92,2,1
92,3,1
92,4,1
92,5,1
92,6,1
92,7,2
92,8,1
92,9,1
92,10,1
92,11,2
92,12,1
92,13,1
92,14,2
92,15,1
92,16,1
92,17,1
92,18,1
92,19,1
92,20,1
92,21,1
92,22,1
92,23,1
92,24,1
92,25,1
92,26,1
92,27,2
92,28,1
92,29,1
92,30,3
92,31,3
92,32,4
92,33,1
92,34,2
92,35,3
92,36,1
92,37,1
92,38,1
92,39,1
92,40,1
92,41,1
92,42,1
92,43,1
92,44,1
92,45,1
92,46,1
92,47,1
92,48,1
92,49,1
92,50,1
92,51,1
92,52,1
92,53,1
92,54,1
92,55,1
92,56,1
92,57,1
92,58,1
92,59,1
92,60,1
92,61,1
92,62,1
92,63,1
92,64,1
92,65,1
92,66,1
92,67,1
92,68,1
92,69,2
92,70,5
92,71,5
92,72,5
92,73,4
92,74,3
92,75,4
92,76,4
92,77,1
92,78,1
92,79,1
92,80,1
92,81,2
92,82,1
92,83,1
92,84,1
92,85,1
92,86,1
92,87,1
92,88,1
92,89,2
92,90,2
92,91,4
92,93,1
92,94,1
92,95,1
92,96,1
92,97,1
93,0,2
93,1,1
93,2,1
93,3,1
93,4,1
93,5,1
93,6,2
93,7,2
93,8,2
93,9,1
93,10,1
93,11,1
93,12,1
93,13,1
93,14,1
93,15,5
93,16,5
93,17,7
93,18,8
93,19,8
93,20,1
93,21,1
93,22,1
93,23,4
93,24,3
93,25,4
93,26,1
93,27,1
93,28,1
93,29,1
93,30,1
93,31,1
93,32,1
93,33,1
93,34,1
93,35,1
93,36,1
93,37,1
93,38,2
93,39,1
93,40,1
93,41,1
93,42,1
93,43,1
93,44,1
93,45,1
93,46,1
93,47,1
93,48,1
93,49,1
93,50,1
93,51,7
93,52,2
93,53,2
93,54,3
93,55,1
93,56,1
93,57,1
93,58,2
93,59,2
93,60,3
93,61,5
93,62,1
93,63,1
93,64,1
93,65,1
93,66,2
93,67,1
93,68,1
93,69,1
93,70,1
93,71,1
93,72,1
93,73,1
93,74,1
93,75,1
93,76,1
93,77,1
93,78,1
93,79,1
93,80,2
93,81,1
93,82,3
93,83,1
93,84,1
93,85,2
93,86,1
93,87,1
93,88,1
93,89,1
93,90,1
93,91,1
93,92,1
93,94,1
93,95,1
93,96,1
93,97,1
94,0,1
94,1,1
94,2,1
94,3,1
94,4,1
94,5,1
94,6,3
94,7,2
94,8,3
94,9,1
94,10,1
94,11,4
94,12,1
94,13,2
94,14,2
94,15,1
94,16,1
94,17,1
94,18,1
94,19,2
94,20,2
94,21,3
94,22,3
94,23,1
94,24,1
94,25,1
94,26,1
94,27,2
94,28,8
94,29,16
94,30,3
94,31,2
94,32,4
94,33,2
94,34,2
94,35,4
94,36,1
94,37,1
94,38,1
94,39,1
94,40,1
94,41,1
94,42,1
94,43,1
94,44,1
94,45,1
94,46,1
94,47,1
94,48,2
94,49,2
94,50,2
94,51,2
94,52,1
94,53,1
94,54,1
94,55,2
94,56,1
94,57,2
94,58,1
94,59,1
94,60,1
94,61,2
94,62,1
94,63,2
94,64,2
94,65,2
94,66,12
94,67,14
94,68,8
94,69,33
94,70,3
94,71,4
94,72,6
94,73,3
94,74,2
94,75,2
94,76,4
94,77,1
94,78,1
94,79,1
94,80,1
94,81,2
94,82,1
94,83,2
94,84,2
94,85,1
94,86,4
94,87,10
94,88,12
94,89,13
94,90,3
94,91,4
94,92,1
94,93,1
94,95,1
94,96,2
94,97,1
95,0,7
95,1,1
95,2,2
95,3,3
95,4,3
95,5,2
95,6,4
95,7,4
95,8,3
95,9,1
95,10,1
95,11,1
95,12,1
95,13,1
95,14,2
95,15,2
95,16,2
95,17,2
95,18,2
95,19,2
95,20,1
95,21,1
95,22,1
95,23,1
95,24,1
95,25,2
95,26,1
95,27,1
95,28,1
95,29,1
95,30,1
95,31,1
95,32,1
95,33,1
95,34,1
95,35,1
95,36,2
95,37,1
95,38,3
95,39,3
95,40,2
95,41,3
95,42,2
95,43,2
95,44,1
95,45,1
95,46,2
95,47,1
95,48,1
95,49,2
95,50,2
95,51,2
95,52,1
95,53,1
95,54,1
95,55,1
95,56,1
95,57,1
95,58,1
95,59,1
95,60,1
95,61,1
95,62,1
95,63,1
95,64,1
95,65,1
95,66,2
95,67,1
95,68,1
95,69,1
95,70,1
95,71,1
95,72,1
95,73,1
95,74,1
95,75,1
95,76,1
95,77,2
95,78,3
95,79,1
95,80,1
95,81,2
95,82,1
95,83,1
95,84,1
95,85,1
95,86,1
95,87,1
95,88,1
95,89,1
95,90,1
95,91,1
95,92,1
95,93,1
95,94,1
95,96,1
95,97,1
96,0,2
96,1,1
96,2,1
96,3,1
96,4,1
96,5,1
96,6,2
96,7,2
96,8,3
96,9,1
96,10,1
96,11,2
96,12,1
96,13,1
96,14,1
96,15,1
96,16,2
96,17,1
96,18,2
96,19,2
96,20,3
96,21,6
96,22,6
96,23,1
96,24,1
96,25,1
96,26,2
96,27,6
96,28,1
96,29,2
96,30,2
96,31,1
96,32,2
96,33,1
96,34,1
96,35,2
96,36,1
96,37,1
96,38,1
96,39,1
96,40,1
96,41,1
96,42,1
96,43,1
96,44,1
96,45,1
96,46,1
96,47,1
96,48,1
96,49,2
96,50,2
96,51,2
96,52,1
96,53,1
96,54,1
96,55,7
96,56,2
96,57,3
96,58,1
96,59,1
96,60,1
96,61,2
96,62,2
96,63,5
96,64,4
96,65,4
96,66,2
96,67,1
96,68,1
96,69,3
96,70,2
96,71,2
96,72,3
96,73,1
96,74,1
96,75,2
96,76,1
96,77,1
96,78,1
96,79,1
96,80,1
96,81,1
96,82,1
96,83,4
96,84,6
96,85,1
96,86,1
96,87,1
96,88,2
96,89,2
96,90,1
96,91,2
96,92,1
96,93,1
96,94,2
96,95,1
96,97,3
97,0,1
97,1,1
97,2,1
97,3,1
97,4,1
97,5,1
97,6,1
97,7,1
97,8,1
97,9,1
97,10,1
97,11,2
97,12,1
97,13,1
97,14,1
97,15,1
97,16,1
97,17,1
97,18,1
97,19,1
97,20,4
97,21,6
97,22,1
97,23,1
97,24,1
97,25,1
97,26,2
97,27,5
97,28,1
97,29,1
97,30,2
97,31,1
97,32,2
97,33,1
97,34,1
97,35,1
97,36,1
97,37,1
97,38,1
97,39,1
97,40,1
97,41,1
97,42,1
97,43,1
97,44,1
97,45,1
97,46,1
97,47,1
97,48,1
97,49,1
97,50,1
97,51,2
97,52,1
97,53,1
97,54,1
97,55,5
97,56,2
97,57,3
97,58,1
97,59,1
97,60,1
97,61,1
97,62,2
97,63,5
97,64,4
97,65,4
97,66,2
97,67,1
97,68,1
97,69,2
97,70,2
97,71,2
97,72,2
97,73,2
97,74,2
97,75,2
97,76,2
97,77,1
97,78,1
97,79,1
97,80,1
97,81,2
97,82,1
97,83,3
97,84,6
97,85,1
97,86,1
97,87,1
97,88,1
97,89,2
97,90,2
97,91,2
97,92,1
97,93,1
97,94,1
97,95,1
97,96,4
