edge_tail,edge_head,length,capacity,speed
547,1,1388,49500,40.0
548,2,1388,49500,40.0
549,3,1388,49500,40.0
550,4,1388,49500,40.0
551,5,1388,49500,40.0
552,6,1388,49500,40.0
553,7,1388,49500,40.0
554,8,1388,49500,40.0
555,9,1388,49500,40.0
556,10,1388,49500,40.0
557,11,1388,49500,40.0
558,12,1388,49500,40.0
559,13,1388,49500,40.0
560,14,1388,49500,40.0
561,15,1388,49500,40.0
562,16,1388,49500,40.0
563,17,1388,49500,40.0
564,18,1388,49500,40.0
565,19,1388,49500,40.0
566,20,1388,49500,40.0
567,21,1388,49500,40.0
568,22,1388,49500,40.0
569,23,1388,49500,40.0
570,24,1388,49500,40.0
571,25,1388,49500,40.0
572,26,1388,49500,40.0
573,27,1388,49500,40.0
574,28,1388,49500,40.0
575,29,1388,49500,40.0
576,30,1388,49500,40.0
577,31,1388,49500,40.0
578,32,1388,49500,40.0
579,33,1388,49500,40.0
580,34,1388,49500,40.0
581,35,1388,49500,40.0
582,36,1388,49500,40.0
583,37,1388,49500,40.0
584,38,1388,49500,40.0
585,39,1388,49500,40.0
586,40,1388,49500,40.0
587,41,1388,49500,40.0
588,42,1388,49500,40.0
589,43,1388,49500,40.0
590,44,1388,49500,40.0
591,45,1388,49500,40.0
592,46,1388,49500,40.0
593,47,1388,49500,40.0
594,48,1388,49500,40.0
595,49,1388,49500,40.0
596,50,1388,49500,40.0
597,51,1388,49500,40.0
598,52,1388,49500,40.0
599,53,1388,49500,40.0
600,54,1388,49500,40.0
601,55,1388,49500,40.0
602,56,1388,49500,40.0
603,57,1388,49500,40.0
604,58,1388,49500,40.0
605,59,1388,49500,40.0
606,60,1388,49500,40.0
607,61,1388,49500,40.0
608,62,1388,49500,40.0
609,63,1388,49500,40.0
610,64,1388,49500,40.0
611,65,1388,49500,40.0
612,66,1388,49500,40.0
613,67,1388,49500,40.0
614,68,1388,49500,40.0
615,69,1388,49500,40.0
616,70,1388,49500,40.0
617,71,1388,49500,40.0
618,72,1388,49500,40.0
619,73,1388,49500,40.0
620,74,1388,49500,40.0
621,75,1388,49500,40.0
622,76,1388,49500,40.0
623,77,1388,49500,40.0
624,78,1388,49500,40.0
625,79,1388,49500,40.0
626,80,1388,49500,40.0
627,81,1388,49500,40.0
628,82,1388,49500,40.0
629,83,1388,49500,40.0
630,84,1388,49500,40.0
631,85,1388,49500,40.0
632,86,1388,49500,40.0
633,87,1388,49500,40.0
634,88,1388,49500,40.0
635,89,1388,49500,40.0
636,90,1388,49500,40.0
637,91,1388,49500,40.0
638,92,1388,49500,40.0
639,93,1388,49500,40.0
640,94,1388,49500,40.0
641,95,1388,49500,40.0
642,96,1388,49500,40.0
643,97,1388,49500,40.0
644,98,1388,49500,40.0
645,99,1388,49500,40.0
646,100,1388,49500,40.0
647,101,1388,49500,40.0
648,102,1388,49500,40.0
649,103,1388,49500,40.0
650,104,1388,49500,40.0
651,105,1388,49500,40.0
652,106,1388,49500,40.0
653,107,1388,49500,40.0
654,108,1388,49500,40.0
655,109,1388,49500,40.0
656,110,1388,49500,40.0
657,111,1388,49500,40.0
658,112,1388,49500,40.0
659,113,1388,49500,40.0
660,114,1388,49500,40.0
661,115,1388,49500,40.0
662,116,1388,49500,40.0
663,117,1388,49500,40.0
664,118,1388,49500,40.0
665,119,1388,49500,40.0
666,120,1388,49500,40.0
667,121,1388,49500,40.0
668,122,1388,49500,40.0
669,123,1388,49500,40.0
670,124,1388,49500,40.0
671,125,1388,49500,40.0
672,126,1388,49500,40.0
673,127,1388,49500,40.0
674,128,1388,49500,40.0
675,129,1388,49500,40.0
676,130,1388,49500,40.0
677,131,1388,49500,40.0
678,132,1388,49500,40.0
679,133,1388,49500,40.0
680,134,1388,49500,40.0
681,135,1388,49500,40.0
682,136,1388,49500,40.0
683,137,1388,49500,40.0
684,138,1388,49500,40.0
685,139,1388,49500,40.0
686,140,1388,49500,40.0
687,141,1388,49500,40.0
688,142,1388,49500,40.0
689,143,1388,49500,40.0
690,144,1388,49500,40.0
691,145,1388,49500,40.0
692,146,1388,49500,40.0
693,147,1388,49500,40.0
694,148,1388,49500,40.0
695,149,1388,49500,40.0
696,150,1388,49500,40.0
697,151,1388,49500,40.0
698,152,1388,49500,40.0
699,153,1388,49500,40.0
700,154,1388,49500,40.0
701,155,1388,49500,40.0
702,156,1388,49500,40.0
703,157,1388,49500,40.0
704,158,1388,49500,40.0
705,159,1388,49500,40.0
706,160,1388,49500,40.0
707,161,1388,49500,40.0
708,162,1388,49500,40.0
709,163,1388,49500,40.0
710,164,1388,49500,40.0
711,165,1388,49500,40.0
712,166,1388,49500,40.0
713,167,1388,49500,40.0
714,168,1388,49500,40.0
715,169,1388,49500,40.0
716,170,1388,49500,40.0
717,171,1388,49500,40.0
718,172,1388,49500,40.0
719,173,1388,49500,40.0
720,174,1388,49500,40.0
721,175,1388,49500,40.0
722,176,1388,49500,40.0
723,177,1388,49500,40.0
724,178,1388,49500,40.0
725,179,1388,49500,40.0
726,180,1388,49500,40.0
727,181,1388,49500,40.0
728,182,1388,49500,40.0
729,183,1388,49500,40.0
730,184,1388,49500,40.0
731,185,1388,49500,40.0
732,186,1388,49500,40.0
733,187,1388,49500,40.0
734,188,1388,49500,40.0
735,189,1388,49500,40.0
736,190,1388,49500,40.0
737,191,1388,49500,40.0
738,192,1388,49500,40.0
739,193,1388,49500,40.0
740,194,1388,49500,40.0
741,195,1388,49500,40.0
742,196,1388,49500,40.0
743,197,1388,49500,40.0
744,198,1388,49500,40.0
745,199,1388,49500,40.0
746,200,1388,49500,40.0
747,201,1388,49500,40.0
748,202,1388,49500,40.0
749,203,1388,49500,40.0
750,204,1388,49500,40.0
751,205,1388,49500,40.0
752,206,1388,49500,40.0
753,207,1388,49500,40.0
754,208,1388,49500,40.0
755,209,1388,49500,40.0
756,210,1388,49500,40.0
757,211,1388,49500,40.0
758,212,1388,49500,40.0
759,213,1388,49500,40.0
760,214,1388,49500,40.0
761,215,1388,49500,40.0
762,216,1388,49500,40.0
763,217,1388,49500,40.0
764,218,1388,49500,40.0
765,219,1388,49500,40.0
766,220,1388,49500,40.0
767,221,1388,49500,40.0
768,222,1388,49500,40.0
769,223,1388,49500,40.0
770,224,1388,49500,40.0
771,225,1388,49500,40.0
772,226,1388,49500,40.0
773,227,1388,49500,40.0
774,228,1388,49500,40.0
775,229,1388,49500,40.0
776,230,1388,49500,40.0
777,231,1388,49500,40.0
778,232,1388,49500,40.0
779,233,1388,49500,40.0
780,234,1388,49500,40.0
781,235,1388,49500,40.0
782,236,1388,49500,40.0
783,237,1388,49500,40.0
784,238,1388,49500,40.0
785,239,1388,49500,40.0
786,240,1388,49500,40.0
787,241,1388,49500,40.0
788,242,1388,49500,40.0
789,243,1388,49500,40.0
790,244,1388,49500,40.0
791,245,1388,49500,40.0
792,246,1388,49500,40.0
793,247,1388,49500,40.0
794,248,1388,49500,40.0
795,249,1388,49500,40.0
796,250,1388,49500,40.0
797,251,1388,49500,40.0
798,252,1388,49500,40.0
799,253,1388,49500,40.0
800,254,1388,49500,40.0
801,255,1388,49500,40.0
802,256,1388,49500,40.0
803,257,1388,49500,40.0
804,258,1388,49500,40.0
805,259,1388,49500,40.0
806,260,1388,49500,40.0
807,261,1388,49500,40.0
808,262,1388,49500,40.0
809,263,1388,49500,40.0
810,264,1388,49500,40.0
811,265,1388,49500,40.0
812,266,1388,49500,40.0
813,267,1388,49500,40.0
814,268,1388,49500,40.0
815,269,1388,49500,40.0
816,270,1388,49500,40.0
817,271,1388,49500,40.0
818,272,1388,49500,40.0
819,273,1388,49500,40.0
820,274,1388,49500,40.0
821,275,1388,49500,40.0
822,276,1388,49500,40.0
823,277,1388,49500,40.0
824,278,1388,49500,40.0
825,279,1388,49500,40.0
826,280,1388,49500,40.0
827,281,1388,49500,40.0
828,282,1388,49500,40.0
829,283,1388,49500,40.0
830,284,1388,49500,40.0
831,285,1388,49500,40.0
832,286,1388,49500,40.0
833,287,1388,49500,40.0
834,288,1388,49500,40.0
835,289,1388,49500,40.0
836,290,1388,49500,40.0
837,291,1388,49500,40.0
838,292,1388,49500,40.0
839,293,1388,49500,40.0
840,294,1388,49500,40.0
841,295,1388,49500,40.0
842,296,1388,49500,40.0
843,297,1388,49500,40.0
844,298,1388,49500,40.0
845,299,1388,49500,40.0
846,300,1388,49500,40.0
847,301,1388,49500,40.0
848,302,1388,49500,40.0
849,303,1388,49500,40.0
850,304,1388,49500,40.0
851,305,1388,49500,40.0
852,306,1388,49500,40.0
853,307,1388,49500,40.0
854,308,1388,49500,40.0
855,309,1388,49500,40.0
856,310,1388,49500,40.0
857,311,1388,49500,40.0
858,312,1388,49500,40.0
859,313,1388,49500,40.0
860,314,1388,49500,40.0
861,315,1388,49500,40.0
862,316,1388,49500,40.0
863,317,1388,49500,40.0
864,318,1388,49500,40.0
865,319,1388,49500,40.0
866,320,1388,49500,40.0
867,321,1388,49500,40.0
868,322,1388,49500,40.0
869,323,1388,49500,40.0
870,324,1388,49500,40.0
871,325,1388,49500,40.0
872,326,1388,49500,40.0
873,327,1388,49500,40.0
874,328,1388,49500,40.0
875,329,1388,49500,40.0
876,330,1388,49500,40.0
877,331,1388,49500,40.0
878,332,1388,49500,40.0
879,333,1388,49500,40.0
880,334,1388,49500,40.0
881,335,1388,49500,40.0
882,336,1388,49500,40.0
883,337,1388,49500,40.0
884,338,1388,49500,40.0
885,339,1388,49500,40.0
886,340,1388,49500,40.0
887,341,1388,49500,40.0
888,342,1388,49500,40.0
889,343,1388,49500,40.0
890,344,1388,49500,40.0
891,345,1388,49500,40.0
892,346,1388,49500,40.0
893,347,1388,49500,40.0
894,348,1388,49500,40.0
895,349,1388,49500,40.0
896,350,1388,49500,40.0
897,351,1388,49500,40.0
898,352,1388,49500,40.0
899,353,1388,49500,40.0
900,354,1388,49500,40.0
901,355,1388,49500,40.0
902,356,1388,49500,40.0
903,357,1388,49500,40.0
904,358,1388,49500,40.0
905,359,1388,49500,40.0
906,360,1388,49500,40.0
907,361,1388,49500,40.0
908,362,1388,49500,40.0
909,363,1388,49500,40.0
910,364,1388,49500,40.0
911,365,1388,49500,40.0
912,366,1388,49500,40.0
913,367,1388,49500,40.0
914,368,1388,49500,40.0
915,369,1388,49500,40.0
916,370,1388,49500,40.0
917,371,1388,49500,40.0
918,372,1388,49500,40.0
919,373,1388,49500,40.0
920,374,1388,49500,40.0
921,375,1388,49500,40.0
922,376,1388,49500,40.0
923,377,1388,49500,40.0
924,378,1388,49500,40.0
925,379,1388,49500,40.0
926,380,1388,49500,40.0
927,381,1388,49500,40.0
928,382,1388,49500,40.0
929,383,1388,49500,40.0
930,384,1388,49500,40.0
931,385,1388,49500,40.0
932,386,1388,49500,40.0
933,387,1388,49500,40.0
390,388,19387,3500,104.86907772768258
391,388,10231,3500,102.62912327759196
708,388,2919,2000,60.37611599999999
802,388,7123,2000,89.39402033472803
390,389,7565,1000,104.56038304147465
801,389,12086,2500,75.67698043841335
914,389,5314,2500,80.49631969696968
388,390,19387,3500,104.86907772768258
389,390,7565,1000,104.56038304147465
925,390,11362,3500,98.35392112554112
388,391,10231,3500,102.62912327759196
392,391,7336,3500,104.2883644549763
709,391,2043,3000,231.209656981132
715,391,7590,3000,71.59093707547169
391,392,7336,3500,104.2883644549763
393,392,4346,3500,102.24116023529412
713,392,2696,1000,154.00428571428571
717,392,2582,1000,51.984522281879194
392,393,4346,3500,102.24116023529412
394,393,5008,5000,87.83446315789475
712,393,4361,3500,99.83894129770991
716,393,987,3500,31.64859978609625
393,394,5008,5000,87.83446315789475
395,394,3634,5000,90.07022429752065
584,394,7680,500,92.70268068410462
601,394,905,500,31.024646057142853
394,395,3634,5000,90.07022429752065
396,395,5403,5000,88.79616953424657
584,395,6234,3500,96.3872279381443
600,395,1335,3500,58.89578867647057
395,396,5403,5000,88.79616953424657
397,396,3143,5000,89.35440426540285
396,397,3143,5000,89.35440426540285
398,397,3504,5000,89.06551322033899
588,397,4025,3000,79.94918543046357
604,397,1778,3000,83.323070625
397,398,3504,5000,89.06551322033899
399,398,1011,5000,84.20835583333333
400,398,3148,6500,89.48525943127962
403,398,4516,8000,88.52654901960784
398,399,1011,5000,84.20835583333333
537,399,6332,5000,88.74416943925235
604,399,2735,7000,49.41161457831325
609,399,2195,7000,149.63699999999997
398,400,3148,6500,89.48525943127962
401,400,5561,5000,81.56402596577018
587,400,1625,500,110.77197068181817
609,400,4036,500,36.02565366071429
400,401,5561,5000,81.56402596577018
402,401,2415,5000,85.70924023668638
585,401,1610,6000,56.814925764705876
590,401,3573,6000,118.43111171270716
401,402,2415,5000,85.70924023668638
398,403,4516,8000,88.52654901960784
404,403,4835,6500,88.97434380368097
606,403,1936,1500,40.8972673943662
611,403,3104,1500,89.96362057971015
403,404,4835,6500,88.97434380368097
405,404,1476,5000,84.31435828571426
675,404,2484,5500,47.4457205732484
680,404,2592,5500,122.41956141732283
404,405,1476,5000,84.31435828571426
406,405,3519,5000,83.43879699604743
488,405,1533,5000,91.07736534653465
405,406,3519,5000,83.43879699604743
407,406,4909,5000,88.97458894259817
677,406,1321,3000,39.6137409
682,406,3548,3000,86.86472179591834
406,407,4909,5000,88.97458894259817
408,407,4738,5000,87.44563495384615
687,407,1321,6500,46.331860701754394
692,407,3952,6500,95.99124631578944
407,408,4738,5000,87.44563495384615
409,408,3081,5000,85.17185889400922
689,408,1689,2000,46.263378630136984
694,408,3385,2000,96.23756900473934
408,409,3081,5000,85.17185889400922
410,409,5762,5000,87.95064213740457
538,409,2266,5000,92.48729020408162
539,409,4111,5000,86.23553643356642
409,410,5762,5000,87.95064213740457
411,410,4814,3500,106.17589874999999
690,410,4525,2000,93.60917875862067
700,410,1025,2000,56.405930642201824
410,411,4814,3500,106.17589874999999
412,411,4728,3500,103.90073296703295
685,411,4698,6000,92.70031203947369
695,411,1025,6000,59.11775423076922
411,412,4728,3500,103.90073296703295
413,412,4623,3500,106.26168896551724
412,413,4623,3500,106.26168896551724
414,413,4520,3500,103.49124847328243
730,413,5102,4000,91.35969241791044
734,413,1001,4000,92.39323569230768
413,414,4520,3500,103.49124847328243
415,414,7039,3500,102.98581097560977
731,414,5151,3500,93.91698765957445
735,414,1025,3500,113.85641555555553
414,415,7039,3500,102.98581097560977
416,415,9905,3500,104.79714962962963
727,415,6831,3500,85.370523125
733,415,2827,3500,56.330929634551495
415,416,9905,3500,104.79714962962963
417,416,9003,3500,104.8643723883495
726,416,3291,2000,128.20323935064934
732,416,6359,2000,72.24720829545453
416,417,9003,3500,104.8643723883495
732,417,13192,3500,80.42233304878047
913,417,5033,3500,87.50469547826087
926,417,10493,3500,100.07253519872813
419,418,8862,5000,100.87385829222013
921,418,3763,2000,58.47372777202072
922,418,6844,2000,86.07583308176099
923,418,16724,5000,111.71656102449887
418,419,8862,5000,100.87385829222013
420,419,7747,5000,103.96904456375839
739,419,5492,1500,64.98322568047337
743,419,2619,1500,109.12237999999999
419,420,7747,5000,103.96904456375839
421,420,4781,5000,87.17620686930091
751,420,4025,3000,93.9480700389105
752,420,1459,3000,52.110338214285704
420,421,4781,5000,87.17620686930091
422,421,5233,5000,88.93549223796035
753,421,2372,2000,151.39628744680851
754,421,2953,2000,61.94357454545454
421,422,5233,5000,88.93549223796035
423,422,4520,5000,87.18555337620579
762,422,982,1000,67.68896551724137
766,422,4909,1000,81.58057878116342
422,423,4520,5000,87.18555337620579
424,423,4987,5000,87.2243121865889
764,423,1119,1000,111.90755899999999
767,423,5627,1000,82.72649838235293
423,424,4987,5000,87.2243121865889
425,424,4937,5000,89.47128870090636
773,424,1098,1000,50.646369230769224
777,424,5359,1000,86.41757338709677
424,425,4937,5000,89.47128870090636
426,425,2472,5000,86.7132442105263
775,425,2374,2000,54.3641796183206
779,425,2794,2000,113.24468148648648
425,426,2472,5000,86.7132442105263
427,426,1537,3500,83.04179459459458
441,426,7085,5000,88.17947576763486
426,427,1537,3500,83.04179459459458
428,427,5218,3500,89.4288636
594,427,1198,7000,50.26831048951049
779,427,4143,7000,93.78296332075472
427,428,5218,3500,89.4288636
429,428,1098,3500,84.41061538461537
431,428,1537,5000,88.63114615384615
428,429,1098,3500,84.41061538461537
430,429,967,3500,92.06238285714284
593,429,1610,6500,40.41229029288702
778,429,3857,6500,83.53742122743682
429,430,967,3500,92.06238285714284
428,431,1537,5000,88.63114615384615
432,431,5184,5000,88.33656835227272
593,431,1098,4000,51.84274015748031
597,431,3908,4000,80.56744041237113
431,432,5184,5000,88.33656835227272
433,432,3830,5000,87.68853480916029
595,432,2681,4500,50.900103987341765
599,432,2516,4500,113.4925691729323
432,433,3830,5000,87.68853480916029
434,433,3238,5000,82.65795880851063
616,433,4505,9500,79.48535717647059
617,433,1230,9500,49.1922788
433,434,3238,5000,82.65795880851063
435,434,4194,5000,81.94642241042345
618,434,5102,9000,74.2851867961165
619,434,1025,9000,94.58840676923076
434,435,4194,5000,81.94642241042345
436,435,2874,5000,89.7897421875
552,435,2108,4500,142.06891483146063
554,435,2833,4500,43.24820045801526
435,436,2874,5000,89.7897421875
437,436,4435,5000,86.37885155844155
496,436,1533,9000,90.18444999999998
436,437,4435,5000,86.37885155844155
438,437,6115,5000,88.60389898550724
554,437,1669,4000,161.47093548387096
556,437,5346,4000,44.66064100278551
437,438,6115,5000,88.60389898550724
439,438,3534,5000,88.33409999999999
535,438,11412,6500,83.78974832313341
536,438,2992,5000,85.0672962085308
540,438,2425,3500,86.57511821428571
438,439,3534,5000,88.33409999999999
440,439,3730,5000,88.45048221343875
614,439,3763,6000,82.98109897058822
615,439,1249,6000,38.635905154639175
439,440,3730,5000,88.45048221343875
441,440,3928,5000,89.59352486692015
612,440,3763,2000,85.49567772727272
613,440,1388,2000,44.29902223404255
426,441,7085,5000,88.17947576763486
440,441,3928,5000,89.59352486692015
591,441,3011,6000,56.62933504702194
596,441,2108,6000,175.61296416666664
443,442,6323,3500,105.6481052924791
898,442,10060,500,92.98393645608628
899,442,2485,500,53.63178992805756
929,442,52918,3500,503.07590681458004
442,443,6323,3500,105.6481052924791
444,443,7288,3500,98.249734247191
897,443,1625,500,74.98410323076922
898,443,6150,500,92.6987752763819
443,444,7288,3500,98.249734247191
445,444,8738,3500,104.82969671999999
444,445,8738,3500,104.82969671999999
446,445,10962,3500,104.8781613397129
885,445,7623,1000,71.78271861852433
886,445,2643,1000,151.01430399999998
445,446,10962,3500,104.8781613397129
447,446,10119,3500,105.0204878200692
858,446,2283,8500,56.83522107883816
859,446,7636,8500,87.91792180422266
446,447,10119,3500,105.0204878200692
448,447,6956,3500,104.84535075376884
848,447,6137,4000,65.85703202146689
849,447,3479,4000,111.60695133689836
447,448,6956,3500,104.84535075376884
449,448,4810,5000,87.97501829268292
664,448,4430,3500,95.58328165467626
665,448,1057,3500,54.210097948717944
448,449,4810,5000,87.97501829268292
450,449,2945,5000,88.33409999999999
662,449,4238,2000,87.37102226804123
663,449,1098,2000,46.69523404255319
449,450,2945,5000,88.33409999999999
451,450,2108,5000,87.80648208333332
453,450,6527,5000,85.8683075
508,450,5664,5000,89.41509394736842
450,451,2108,5000,87.80648208333332
452,451,3220,5000,88.61087752293577
654,451,3229,5000,107.02179049723756
655,451,1976,5000,47.787299999999995
451,452,3220,5000,88.61087752293577
525,452,3471,5000,89.74391689655171
652,452,3479,7000,96.17741889400921
654,452,1826,7000,48.044316578947374
450,453,6527,5000,85.8683075
454,453,14698,3500,85.85301259980525
650,453,4217,500,89.69866893617021
841,453,1198,500,48.570056756756756
453,454,14698,3500,85.85301259980525
455,454,4826,3500,89.63395281733746
838,454,3198,3000,99.38868031088082
840,454,1936,3000,47.407444653061226
454,455,4826,3500,89.63395281733746
456,455,4713,3500,104.7151502222222
833,455,3453,3000,76.71104155555554
835,455,1906,3000,40.12033031578947
455,456,4713,3500,104.7151502222222
457,456,5125,3500,104.91855174061432
834,456,3169,5500,94.57461850746269
836,456,1826,5500,45.452714439834025
456,457,5125,3500,104.91855174061432
458,457,2547,3500,101.84841279999999
829,457,4909,1000,80.68654504109588
831,457,1098,1000,91.44483333333332
457,458,2547,3500,101.84841279999999
459,458,2206,5000,92.54337902097902
467,458,9040,3500,104.89248394584139
468,458,4971,3500,102.47140432989688
458,459,2206,5000,92.54337902097902
460,459,8122,3500,104.5534415021459
832,459,2050,2000,96.82277858267715
845,459,5855,2000,45.49485015544042
459,460,8122,3500,104.5534415021459
461,460,10918,3500,103.96361952380951
872,460,7733,3500,79.16082307167235
875,460,1770,3500,48.03804190045249
460,461,10918,3500,103.96361952380951
462,461,9330,3500,103.83423283858998
874,461,3908,2000,99.76649004255319
877,461,6336,2000,64.74511839863713
461,462,9330,3500,103.83423283858998
873,462,5248,1500,91.25352556521737
876,462,4410,1500,60.81465172413793
927,462,12435,3500,95.87985501285345
464,463,6700,3500,103.05570738461537
928,463,26802,3500,100.73791729323307
463,464,6700,3500,103.05570738461537
465,464,12566,3500,104.55027595006933
883,464,4487,2000,68.66259734693878
884,464,5410,2000,102.05461981132075
464,465,12566,3500,104.55027595006933
466,465,9661,3500,100.96082560975607
862,465,7201,3500,95.9877912
881,465,2484,3500,60.07240427419354
465,466,9661,3500,100.96082560975607
467,466,9230,3500,103.88102476547841
855,466,3385,5000,121.59357520958085
862,466,6392,5000,71.01106966666666
458,467,9040,3500,104.89248394584139
466,467,9230,3500,103.88102476547841
845,467,3548,2500,101.82706622009567
855,467,6103,2500,62.263702857142846
458,468,4971,3500,102.47140432989688
469,468,5125,3500,105.27786184931506
829,468,2681,2500,120.93558541353381
830,468,2425,2500,51.03375389473683
468,469,5125,3500,105.27786184931506
470,469,4738,3500,104.10194637362638
819,469,1062,3000,187.3500670588235
824,469,5699,3000,85.25252394014963
469,470,4738,3500,104.10194637362638
471,470,6670,3500,97.11197606796114
817,470,987,1000,79.97686702702701
822,470,5143,1000,91.82677928571428
470,471,6670,3500,97.11197606796114
472,471,5106,3500,104.89104061643835
815,471,5218,3000,81.51068296875
816,471,1057,3000,103.97674524590163
471,472,5106,3500,104.89104061643835
473,472,2503,5000,85.79371885714285
813,472,3011,3000,129.96228690647482
815,472,2327,3000,62.88580810810809
472,473,2503,5000,85.79371885714285
474,473,4811,5000,89.35539157894736
475,473,4705,5000,89.03454794952681
707,473,6199,1000,84.7130803189066
813,473,1198,1000,49.919225000000004
473,474,4811,5000,89.35539157894736
538,474,4814,5000,86.98748331325301
701,474,1321,3500,45.796232254335266
706,474,3884,3500,95.08874767346937
473,475,4705,5000,89.03454794952681
476,475,2460,5000,87.843355
706,475,4055,3500,78.97254097402596
707,475,1896,3500,65.36479275862068
475,476,2460,5000,87.843355
477,476,5446,5000,88.04942409703501
705,476,3676,3500,109.1590205940594
707,476,1906,3500,40.98313311827957
476,477,5446,5000,88.04942409703501
478,477,3697,6500,87.65068837944663
503,477,1276,6500,86.99570454545453
504,477,1406,6500,88.75481115789474
477,478,3697,6500,87.65068837944663
479,478,4859,6500,89.96544722222221
633,478,3172,5500,99.62169832460732
703,478,2115,5500,47.1567394795539
478,479,4859,6500,89.96544722222221
480,479,1888,6500,85.81528363636362
629,479,3602,3000,101.9116313207547
693,479,1552,3000,49.52758755319149
479,480,1888,6500,85.81528363636362
481,480,2083,5000,88.59838680851064
483,480,2454,5000,87.6330357142857
484,480,2899,5000,81.64247295774646
486,480,3050,6500,90.11652325123153
480,481,2083,5000,88.59838680851064
482,481,785,5000,87.24355555555553
483,481,1770,6500,63.57130095808383
691,481,3716,6500,92.11790950413223
481,482,785,5000,87.24355555555553
480,483,2454,5000,87.6330357142857
481,483,1770,6500,63.57130095808383
539,483,4952,5000,89.21484630630628
693,483,1098,6500,131.68055999999999
480,484,2899,5000,81.64247295774646
485,484,4811,5000,88.5331026993865
627,484,2794,6000,84.64753969696969
629,484,2460,6000,40.432009972602735
484,485,4811,5000,88.5331026993865
489,485,3927,5000,88.5554887218045
626,485,2827,6500,100.92624892857143
628,485,2195,6500,46.36639436619718
480,486,3050,6500,90.11652325123153
535,486,405,6500,83.72681172413793
627,486,3385,6500,91.4690408108108
691,486,1717,6500,42.9224885
488,487,3869,5000,87.57453056603774
535,487,5627,6500,81.92332849514563
681,487,2643,3000,116.59192588235292
682,487,2425,3000,47.84414427631578
405,488,1533,5000,91.07736534653465
487,488,3869,5000,87.57453056603774
680,488,3695,2500,74.63907212121211
682,488,1634,2500,35.38312981949458
485,489,3927,5000,88.5554887218045
490,489,1574,6500,89.0627037735849
630,489,2777,3500,62.15086701492537
631,489,2847,3500,40.373347517730494
489,490,1574,6500,89.0627037735849
491,490,3860,6500,88.71582137931034
557,490,3919,5000,65.49176791086352
631,490,1929,5000,30.447191684210527
490,491,3860,6500,88.71582137931034
492,491,4240,6500,89.54832845070423
558,491,3777,6500,70.797609
559,491,1186,6500,118.59456299999998
491,492,4240,6500,89.54832845070423
493,492,1598,6500,69.97458788321167
561,492,3535,9000,68.63556601941747
562,492,1186,9000,145.21783224489795
492,493,1598,6500,69.97458788321167
494,493,3073,6500,82.30034999999998
497,493,2266,6500,70.0805755670103
562,493,926,14500,44.09196333333333
564,493,2942,14500,128.811842189781
493,494,3073,6500,82.30034999999998
495,494,4165,9000,88.91333999999998
561,494,1084,10000,65.0457558
563,494,3548,10000,91.33844137339054
494,495,4165,9000,88.91333999999998
496,495,3819,9000,89.47824984375
551,495,5262,7000,67.30258311300639
560,495,987,7000,62.960512340425524
436,496,1533,9000,90.18444999999998
495,496,3819,9000,89.47824984375
553,496,2364,6000,109.0953983076923
556,496,1583,6000,25.594809703504044
493,497,2266,6500,70.0805755670103
498,497,931,6500,84.64802727272726
497,498,931,6500,84.64802727272726
499,498,2024,5000,90.5999082089552
533,498,1976,6500,73.61025093167702
498,499,2024,5000,90.5999082089552
500,499,4194,5000,88.58292845070423
567,499,2454,12500,94.37403846153845
569,499,1689,12500,43.67103413793103
499,500,4194,5000,88.58292845070423
501,500,5324,5000,88.46620736842104
566,500,2484,4500,81.85690252747251
570,500,1080,4500,47.631132352941165
500,501,5324,5000,88.46620736842104
502,501,5137,5000,88.2934370200573
571,501,1810,5500,43.60894024096385
636,501,1717,5500,166.15156838709677
501,502,5137,5000,88.2934370200573
503,502,5359,6500,83.06805503875968
632,502,2643,1500,94.94911329341318
634,502,2552,1500,39.159191815856765
477,503,1276,6500,86.99570454545453
502,503,5359,6500,83.06805503875968
504,503,589,7000,67.94930769230768
633,503,4909,7000,84.14453982857141
477,504,1406,6500,88.75481115789474
503,504,589,7000,67.94930769230768
505,504,5196,6500,88.79452153846154
635,504,1145,7000,152.61472266666664
504,505,5196,6500,88.79452153846154
506,505,3595,6500,89.11200495867769
634,505,2887,6000,117.02604891891889
639,505,2241,6000,55.544408677685944
505,506,3595,6500,89.11200495867769
507,506,5762,5000,88.17500602040816
639,506,1388,5000,46.26786766666667
644,506,3884,5000,89.94881536679537
506,507,5762,5000,88.17500602040816
508,507,11384,5000,86.88477175572517
578,507,8299,1500,61.5346437330037
646,507,439,1500,17.441133774834434
450,508,5664,5000,89.41509394736842
507,508,11384,5000,86.88477175572517
509,508,3045,5000,75.7891075518672
508,509,3045,5000,75.7891075518672
510,509,4811,5000,89.07960333333332
659,509,1770,5000,179.93910610169493
667,509,3479,5000,41.32772257425742
509,510,4811,5000,89.07960333333332
511,510,393,5000,78.51919999999998
658,510,1689,4000,273.829187027027
666,510,3573,4000,52.53929220588235
510,511,393,5000,78.51919999999998
512,511,3338,5000,90.59907692307691
521,511,4615,5000,88.73170865384614
522,511,6875,5000,87.74335736170212
511,512,3338,5000,90.59907692307691
513,512,5519,5000,88.76477710455764
661,512,1770,2000,183.04150448275863
670,512,5506,2000,44.15853176470588
512,513,5519,5000,88.76477710455764
514,513,7863,5000,88.8331627118644
902,513,5054,3500,84.44345732590529
905,513,9492,3500,62.4344927631579
513,514,7863,5000,88.8331627118644
515,514,6482,5000,87.7762164785553
903,514,4124,3000,94.79155333333331
905,514,10810,3000,57.537925661047026
514,515,6482,5000,87.7762164785553
516,515,8510,5000,88.47012603119585
534,515,2407,3500,89.67006968944098
544,515,491,3500,101.53344827586207
932,515,16806,5000,170.004823608769
515,516,8510,5000,88.47012603119585
517,516,10603,3500,104.78295736408565
903,516,11609,6000,77.72493582589284
906,516,1802,6000,66.7323811111111
516,517,10603,3500,104.78295736408565
518,517,11573,3500,104.55136608433733
908,517,2643,2500,62.182360470588236
909,517,6942,2500,94.85439840546697
517,518,11573,3500,104.55136608433733
911,518,5838,3500,66.57442448669201
912,518,3486,3500,127.51168024390243
930,518,61728,3500,397.3035334763948
520,519,1098,5000,87.78703999999999
521,519,4036,5000,89.00455610294118
668,519,572,2000,53.65361343749999
670,519,5167,2000,98.70692331210189
519,520,1098,5000,87.78703999999999
511,521,4615,5000,88.73170865384614
519,521,4036,5000,89.00455610294118
666,521,1276,1500,139.19312727272722
670,521,4390,1500,67.01300763358778
511,522,6875,5000,87.74335736170212
523,522,9181,5000,75.3397631737346
522,523,9181,5000,75.3397631737346
530,523,3338,5000,89.3856964285714
545,523,98,5000,49.07449999999999
525,524,4739,5000,87.73430055555554
545,524,5979,5000,81.1416515837104
578,524,4419,5500,56.75973173447537
647,524,1291,5500,49.023378607594935
452,525,3471,5000,89.74391689655171
524,525,4739,5000,87.73430055555554
652,525,1717,5000,40.083257743190664
657,525,3602,5000,86.07675633466134
527,526,8640,3500,86.23302978369384
528,526,13832,5000,84.32474670731706
541,526,708,3500,96.51367090909089
546,526,4728,3500,87.8170281733746
526,527,8640,3500,86.23302978369384
542,527,987,3500,91.05058707692305
543,527,5893,3500,89.05097637279596
546,527,5225,3500,73.92550499999999
526,528,13832,5000,84.32474670731706
529,528,2101,6500,88.13224363636364
573,528,3849,4000,40.718426666666666
575,528,1844,4000,125.73128249999999
528,529,2101,6500,88.13224363636364
530,529,3050,6500,89.23733765853659
531,529,1810,6500,89.00513213114753
523,530,3338,5000,89.3856964285714
529,530,3050,6500,89.23733765853659
575,530,4048,5000,88.61561627737225
577,530,1317,5000,28.116845551601422
529,531,1810,6500,89.00513213114753
532,531,2258,6500,82.08825454545455
573,531,1198,3500,21.01862105263158
574,531,3620,3500,73.61813145762711
531,532,2258,6500,82.08825454545455
533,532,1966,6500,78.0963846357616
569,532,2342,5000,47.61810955932203
574,532,2751,5000,73.98903524663677
498,533,1976,6500,73.61025093167702
532,533,1966,6500,78.0963846357616
568,533,2397,5000,114.10108571428572
569,533,1374,5000,27.666161073825503
515,534,2407,3500,89.67006968944098
543,534,4758,3500,86.22859468277944
933,534,9829,3500,98.93114677852348
438,535,11412,6500,83.78974832313341
486,535,405,6500,83.72681172413793
487,535,5627,6500,81.92332849514563
438,536,2992,5000,85.0672962085308
537,536,4745,5000,88.11920136222909
615,536,2813,2000,111.01083789473682
399,537,6332,5000,88.74416943925235
536,537,4745,5000,88.11920136222909
608,537,4334,5500,78.54447734138972
610,537,1001,5500,74.14271999999998
409,538,2266,5000,92.48729020408162
474,538,4814,5000,86.98748331325301
699,538,1145,8000,152.61472266666664
704,538,5430,8000,77.9329543062201
409,539,4111,5000,86.23553643356642
483,539,4952,5000,89.21484630630628
694,539,1852,5000,179.21405322580642
704,539,3447,5000,42.373938196721305
438,540,2425,3500,86.57511821428571
583,540,1194,3000,127.93273928571426
622,540,3293,3000,112.86905142857141
526,541,708,3500,96.51367090909089
582,541,4689,2500,48.82895989583333
902,541,6071,2500,45.41280119700748
527,542,987,3500,91.05058707692305
902,542,3486,10500,49.672008456057
903,542,6780,10500,66.24121973941368
527,543,5893,3500,89.05097637279596
534,543,4758,3500,86.22859468277944
903,543,1459,3500,62.53240585714285
515,544,491,3500,101.53344827586207
903,544,5283,5000,58.79590486085344
904,544,4055,5000,74.84166959999999
523,545,98,5000,49.07449999999999
524,545,5979,5000,81.1416515837104
577,545,2953,4000,49.074410858725756
580,545,1778,4000,71.1023536
526,546,4728,3500,87.8170281733746
527,546,5225,3500,73.92550499999999
1,547,1388,49500,40.0
548,547,2153,3000,39.617824601226985
549,547,3834,4500,47.02879963190184
621,547,2549,5500,52.90158166089965
2,548,1388,49500,40.0
547,548,2153,3000,39.617824601226985
550,548,4390,7000,45.32893631669535
552,548,3919,3000,52.364242048997774
618,548,3143,7500,53.56187301136364
3,549,1388,49500,40.0
547,549,3834,4500,47.02879963190184
550,549,2533,5000,46.33419640243903
551,549,5006,15500,71.32494441805225
4,550,1388,49500,40.0
548,550,4390,7000,45.32893631669535
549,550,2533,5000,46.33419640243903
551,550,4590,7000,53.15365667953669
552,550,5256,2000,40.57463135135136
553,550,2971,3500,45.46713841836735
560,550,4216,3500,46.829944999999995
5,551,1388,49500,40.0
495,551,5262,7000,67.30258311300639
549,551,5006,15500,71.32494441805225
550,551,4590,7000,53.15365667953669
563,551,3573,20000,69.59750396103895
6,552,1388,49500,40.0
435,552,2108,4500,142.06891483146063
548,552,3919,3000,52.364242048997774
550,552,5256,2000,40.57463135135136
553,552,3559,8500,46.813431578947366
618,552,4267,5000,58.9743729953917
619,552,4968,9500,62.087086375000005
7,553,1388,49500,40.0
496,553,2364,6000,109.0953983076923
550,553,2971,3500,45.46713841836735
552,553,3559,8500,46.813431578947366
560,553,3479,7500,52.57052871536523
8,554,1388,49500,40.0
435,554,2833,4500,43.24820045801526
437,554,1669,4000,161.47093548387096
614,554,4867,3500,57.92917178571428
619,554,4504,2500,54.36348048289738
622,554,6007,2000,62.233785699481864
625,554,2968,7000,52.51832955752212
9,555,1388,49500,40.0
556,555,4930,7500,46.49994820754716
622,555,5046,4500,61.90050036809815
624,555,2594,5500,58.05368059701491
625,555,1778,13500,67.50223443037974
10,556,1388,49500,40.0
437,556,5346,4000,44.66064100278551
496,556,1583,6000,25.594809703504044
555,556,4930,7500,46.49994820754716
557,556,4618,6500,46.795645033783785
560,556,4238,4500,45.15980014209591
624,556,6199,1000,40.07439898706897
11,557,1388,49500,40.0
490,557,3919,5000,65.49176791086352
556,557,4618,6500,46.795645033783785
558,557,3003,5000,45.15458887218045
559,557,4340,5500,46.15519202127659
624,557,7161,2000,46.44001907027026
630,557,2764,8500,44.222528319999995
12,558,1388,49500,40.0
491,558,3777,6500,70.797609
557,558,3003,5000,45.15458887218045
560,558,3198,4000,47.598052853598006
561,558,3736,10000,52.60319563380281
13,559,1388,49500,40.0
491,559,1186,6500,118.59456299999998
557,559,4340,5500,46.15519202127659
562,559,4240,12000,44.93237681978798
566,559,3442,7500,45.07617013100436
631,559,5256,5000,51.68276813114755
14,560,1388,49500,40.0
495,560,987,7000,62.960512340425524
550,560,4216,3500,46.829944999999995
553,560,3479,7500,52.57052871536523
556,560,4238,4500,45.15980014209591
558,560,3198,4000,47.598052853598006
561,560,3957,11000,54.19883438356164
15,561,1388,49500,40.0
492,561,3535,9000,68.63556601941747
494,561,1084,10000,65.0457558
558,561,3736,10000,52.60319563380281
560,561,3957,11000,54.19883438356164
16,562,1388,49500,40.0
492,562,1186,9000,145.21783224489795
493,562,926,14500,44.09196333333333
559,562,4240,12000,44.93237681978798
563,562,3824,500,40.885292299465235
567,562,2364,12000,44.181937009345795
17,563,1388,49500,40.0
494,563,3548,10000,91.33844137339054
551,563,3573,20000,69.59750396103895
562,563,3824,500,40.885292299465235
564,563,2429,24000,68.07694037383177
18,564,1388,49500,40.0
493,564,2942,14500,128.811842189781
563,564,2429,24000,68.07694037383177
565,564,2389,14000,66.33504749999999
19,565,1388,49500,40.0
564,565,2389,14000,66.33504749999999
568,565,2472,12000,71.2882921153846
569,565,4891,6500,44.79161221374045
20,566,1388,49500,40.0
500,566,2484,4500,81.85690252747251
559,566,3442,7500,45.07617013100436
567,566,4102,5000,45.31690718232044
631,566,4651,2000,38.327838708791205
21,567,1388,49500,40.0
499,567,2454,12500,94.37403846153845
562,567,2364,12000,44.181937009345795
566,567,4102,5000,45.31690718232044
22,568,1388,49500,40.0
533,568,2397,5000,114.10108571428572
565,568,2472,12000,71.2882921153846
574,568,3312,17500,64.49969045454546
23,569,1388,49500,40.0
499,569,1689,12500,43.67103413793103
532,569,2342,5000,47.61810955932203
533,569,1374,5000,27.666161073825503
565,569,4891,6500,44.79161221374045
570,569,4250,9000,45.60470157423971
572,569,5984,3500,45.44101139240506
573,569,4917,6000,57.952260235756384
24,570,1388,49500,40.0
500,570,1080,4500,47.631132352941165
569,570,4250,9000,45.60470157423971
571,570,5638,3000,52.10958471494606
572,570,4036,5500,45.59178768361583
25,571,1388,49500,40.0
501,571,1810,5500,43.60894024096385
570,571,5638,3000,52.10958471494606
572,571,4971,6000,51.50117212435232
631,571,6192,2000,55.189178157503704
632,571,5192,2500,40.134887706185566
634,571,6072,2000,57.818725428571426
637,571,3449,3500,46.073231224944315
26,572,1388,49500,40.0
569,572,5984,3500,45.44101139240506
570,572,4036,5500,45.59178768361583
571,572,4971,6000,51.50117212435232
573,572,4240,6500,51.79577450101833
576,572,3830,8500,54.700943142857135
637,572,5839,2500,54.307117674418606
27,573,1388,49500,40.0
528,573,3849,4000,40.718426666666666
531,573,1198,3500,21.01862105263158
569,573,4917,6000,57.952260235756384
572,573,4240,6500,51.79577450101833
577,573,4728,6500,57.76965397148675
28,574,1388,49500,40.0
531,574,3620,3500,73.61813145762711
532,574,2751,5000,73.98903524663677
568,574,3312,17500,64.49969045454546
575,574,4717,16000,58.10597889117042
29,575,1388,49500,40.0
528,575,1844,4000,125.73128249999999
530,575,4048,5000,88.61561627737225
574,575,4717,16000,58.10597889117042
580,575,5881,4000,58.31335140495867
581,575,4222,15000,61.47887461165048
30,576,1388,49500,40.0
572,576,3830,8500,54.700943142857135
577,576,4882,2000,45.9017436677116
578,576,5540,2000,52.4206109148265
637,576,5239,4000,54.18507237931035
643,576,2667,3000,45.320197053824366
31,577,1388,49500,40.0
530,577,1317,5000,28.116845551601422
545,577,2953,4000,49.074410858725756
573,577,4728,6500,57.76965397148675
576,577,4882,2000,45.9017436677116
578,577,4043,8000,52.38035209503239
32,578,1388,49500,40.0
507,578,8299,1500,61.5346437330037
524,578,4419,5500,56.75973173447537
576,578,5540,2000,52.4206109148265
577,578,4043,8000,52.38035209503239
579,578,5663,2000,46.66568554945054
580,578,4909,2500,46.16079771159874
643,578,3732,12000,59.06515883905013
645,578,5068,6000,51.96723446153846
33,579,1388,49500,40.0
578,579,5663,2000,46.66568554945054
580,579,4124,7500,58.213165694117635
582,579,5502,1500,64.84149878192534
647,579,3648,5500,62.171485738636356
656,579,5620,3000,50.84658416289592
34,580,1388,49500,40.0
545,580,1778,4000,71.1023536
575,580,5881,4000,58.31335140495867
578,580,4909,2500,46.16079771159874
579,580,4124,7500,58.213165694117635
581,580,5881,1000,36.03634075587333
582,580,5839,3500,54.05569583333333
35,581,1388,49500,40.0
575,581,4222,15000,61.47887461165048
580,581,5881,1000,36.03634075587333
582,581,5898,7500,52.02611585294117
36,582,1388,49500,40.0
541,582,4689,2500,48.82895989583333
579,582,5502,1500,64.84149878192534
580,582,5839,3500,54.05569583333333
581,582,5898,7500,52.02611585294117
660,582,6553,3500,66.85477091836735
37,583,1388,49500,40.0
540,583,1194,3000,127.93273928571426
38,584,1388,49500,40.0
394,584,7680,500,92.70268068410462
395,584,6234,3500,96.3872279381443
586,584,7110,4000,69.34805697560974
588,584,7331,2500,72.56478485148514
605,584,8445,1500,62.773968624535314
710,584,7579,1000,79.48111195804195
712,584,7575,2000,60.74908564171123
768,584,9621,5000,56.86167954679802
808,584,10090,500,56.88927992481202
39,585,1388,49500,40.0
401,585,1610,6000,56.814925764705876
586,585,4908,3000,73.42817955112218
587,585,4712,6000,61.05164578833693
771,585,4908,3000,75.88840206185566
40,586,1388,49500,40.0
584,586,7110,4000,69.34805697560974
585,586,4908,3000,73.42817955112218
588,586,4713,5500,63.67813189189188
772,586,4615,3000,72.28274960835508
41,587,1388,49500,40.0
400,587,1625,500,110.77197068181817
585,587,4712,6000,61.05164578833693
588,587,4810,6000,61.00593234672303
592,587,4618,6500,51.58849508379888
604,587,4655,3500,67.77014271844658
42,588,1388,49500,40.0
397,588,4025,3000,79.94918543046357
584,588,7331,2500,72.56478485148514
586,588,4713,5500,63.67813189189188
587,588,4810,6000,61.00593234672303
43,589,1388,49500,40.0
590,589,4811,4500,64.42364169642856
591,589,4614,5500,75.41694277929155
594,589,4713,1500,67.63897263157895
775,589,5105,2500,61.61466398390341
44,590,1388,49500,40.0
401,590,3573,6000,118.43111171270716
589,590,4811,4500,64.42364169642856
592,590,4909,10000,68.80978724299064
776,590,5007,7500,63.09578571428572
45,591,1388,49500,40.0
441,591,3011,6000,56.62933504702194
589,591,4614,5500,75.41694277929155
592,591,4912,5500,63.92246368763557
608,591,4819,3500,55.38288965517241
613,591,4390,5000,69.67225396825397
46,592,1388,49500,40.0
587,592,4618,6500,51.58849508379888
590,592,4909,10000,68.80978724299064
591,592,4912,5500,63.92246368763557
608,592,4445,4000,61.01438457665904
609,592,4530,2500,53.9131844047619
47,593,1388,49500,40.0
429,593,1610,6500,40.41229029288702
431,593,1098,4000,51.84274015748031
594,593,4712,6500,62.26192070484581
595,593,4713,3500,67.47754310262529
48,594,1388,49500,40.0
427,594,1198,7000,50.26831048951049
589,594,4713,1500,67.63897263157895
593,594,4712,6500,62.26192070484581
596,594,4712,3000,61.05164578833693
49,595,1388,49500,40.0
432,595,2681,4500,50.900103987341765
593,595,4713,3500,67.47754310262529
596,595,4614,3500,67.67241564792175
612,595,4793,1500,40.72729971671389
617,595,4303,2000,55.26925336188435
50,596,1388,49500,40.0
441,596,2108,6000,175.61296416666664
594,596,4712,3000,61.05164578833693
595,596,4614,3500,67.67241564792175
612,596,4347,3000,61.650261418439705
613,596,4793,500,47.21424236453202
51,597,1388,49500,40.0
431,597,3908,4000,80.56744041237113
599,597,4665,3500,61.77323947019867
778,597,6656,500,37.5260234774436
52,598,1388,49500,40.0
599,598,4143,6500,58.47643595294117
616,598,3404,2500,45.27019609756097
620,598,2991,3500,45.41657088607594
53,599,1388,49500,40.0
432,599,2516,4500,113.4925691729323
597,599,4665,3500,61.77323947019867
598,599,4143,6500,58.47643595294117
616,599,4396,3000,44.84529275510204
617,599,4615,1500,60.978619162995585
54,600,1388,49500,40.0
395,600,1335,3500,58.89578867647057
601,600,4912,1500,78.79212770053475
602,600,4221,6000,76.27241566265062
605,600,4615,5000,75.6401450819672
55,601,1388,49500,40.0
394,601,905,500,31.024646057142853
600,601,4912,1500,78.79212770053475
603,601,4025,1500,61.90936923076922
716,601,4712,3000,54.674878143133455
56,602,1388,49500,40.0
600,602,4221,6000,76.27241566265062
603,602,4908,4000,77.08036649214658
607,602,4623,3000,61.22362211920529
671,602,4618,3500,58.69284292372882
57,603,1388,49500,40.0
601,603,4025,1500,61.90936923076922
602,603,4908,4000,77.08036649214658
672,603,4909,2000,77.91161095238094
718,603,4814,1000,72.38056255639097
58,604,1388,49500,40.0
397,604,1778,3000,83.323070625
399,604,2735,7000,49.41161457831325
587,604,4655,3500,67.77014271844658
605,604,4618,3500,67.7335497799511
606,604,4025,3500,65.07992991913746
59,605,1388,49500,40.0
584,605,8445,1500,62.773968624535314
600,605,4615,5000,75.6401450819672
604,605,4618,3500,67.7335497799511
607,605,4025,2000,43.899370909090905
60,606,1388,49500,40.0
403,606,1936,1500,40.8972673943662
604,606,4025,3500,65.07992991913746
607,606,4618,3500,67.7335497799511
675,606,5011,3500,46.96354228125
61,607,1388,49500,40.0
602,607,4623,3000,61.22362211920529
605,607,4025,2000,43.899370909090905
606,607,4618,3500,67.7335497799511
676,607,5007,500,43.717021834061136
62,608,1388,49500,40.0
537,608,4334,5500,78.54447734138972
591,608,4819,3500,55.38288965517241
592,608,4445,4000,61.01438457665904
609,608,4517,6500,61.30202633484162
613,608,4615,4500,64.38207697674419
63,609,1388,49500,40.0
399,609,2195,7000,149.63699999999997
400,609,4036,500,36.02565366071429
592,609,4530,2500,53.9131844047619
608,609,4517,6500,61.30202633484162
611,609,4026,3000,63.39054582677166
64,610,1388,49500,40.0
537,610,1001,5500,74.14271999999998
611,610,4419,6500,71.0637928150134
615,610,4721,8500,67.59435880668256
679,610,4909,6500,61.74127660377358
65,611,1388,49500,40.0
403,611,3104,1500,89.96362057971015
609,611,4026,3000,63.39054582677166
610,611,4419,6500,71.0637928150134
680,611,4713,4500,65.14536995391704
66,612,1388,49500,40.0
440,612,3763,2000,85.49567772727272
595,612,4793,1500,40.72729971671389
596,612,4347,3000,61.650261418439705
614,612,3730,5500,52.407428571428575
617,612,4713,5000,64.40339535307517
67,613,1388,49500,40.0
440,613,1388,2000,44.29902223404255
591,613,4390,5000,69.67225396825397
596,613,4793,500,47.21424236453202
608,613,4615,4500,64.38207697674419
615,613,3830,10000,63.64098648199445
68,614,1388,49500,40.0
439,614,3763,6000,82.98109897058822
554,614,4867,3500,57.92917178571428
612,614,3730,5500,52.407428571428575
619,614,4846,3500,51.45359872566372
622,614,5492,4000,54.36715415841585
69,615,1388,49500,40.0
439,615,1249,6000,38.635905154639175
536,615,2813,2000,111.01083789473682
610,615,4721,8500,67.59435880668256
613,615,3830,10000,63.64098648199445
622,615,5068,4000,60.439030139165006
70,616,1388,49500,40.0
433,616,4505,9500,79.48535717647059
598,616,3404,2500,45.27019609756097
599,616,4396,3000,44.84529275510204
618,616,3050,6500,57.52721452830188
620,616,3045,5500,48.193073667546166
71,617,1388,49500,40.0
433,617,1230,9500,49.1922788
595,617,4303,2000,55.26925336188435
599,617,4615,1500,60.978619162995585
612,617,4713,5000,64.40339535307517
619,617,3241,10500,57.86423714285715
72,618,1388,49500,40.0
434,618,5102,9000,74.2851867961165
548,618,3143,7500,53.56187301136364
552,618,4267,5000,58.9743729953917
616,618,3050,6500,57.52721452830188
621,618,3358,3500,51.91562907216495
73,619,1388,49500,40.0
434,619,1025,9000,94.58840676923076
552,619,4968,9500,62.087086375000005
554,619,4504,2500,54.36348048289738
614,619,4846,3500,51.45359872566372
617,619,3241,10500,57.86423714285715
74,620,1388,49500,40.0
598,620,2991,3500,45.41657088607594
616,620,3045,5500,48.193073667546166
621,620,2258,3000,51.89487356321839
75,621,1388,49500,40.0
547,621,2549,5500,52.90158166089965
618,621,3358,3500,51.91562907216495
620,621,2258,3000,51.89487356321839
76,622,1388,49500,40.0
540,622,3293,3000,112.86905142857141
554,622,6007,2000,62.233785699481864
555,622,5046,4500,61.90050036809815
614,622,5492,4000,54.36715415841585
615,622,5068,4000,60.439030139165006
623,622,5196,3500,62.08541247011952
625,622,4410,2500,55.113278124999994
77,623,1388,49500,40.0
622,623,5196,3500,62.08541247011952
624,623,4738,6500,45.39909162939298
627,623,4909,5500,60.97430422360247
681,623,4631,4000,64.4501935962877
78,624,1388,49500,40.0
555,624,2594,5500,58.05368059701491
556,624,6199,1000,40.07439898706897
557,624,7161,2000,46.44001907027026
623,624,4738,6500,45.39909162939298
626,624,4329,9500,58.626366636568854
79,625,1388,49500,40.0
554,625,2968,7000,52.51832955752212
555,625,1778,13500,67.50223443037974
622,625,4410,2500,55.113278124999994
80,626,1388,49500,40.0
485,626,2827,6500,100.92624892857143
624,626,4329,9500,58.626366636568854
627,626,4909,13000,57.7462528235294
630,626,3339,11000,46.36825138888888
81,627,1388,49500,40.0
484,627,2794,6000,84.64753969696969
486,627,3385,6500,91.4690408108108
623,627,4909,5500,60.97430422360247
626,627,4909,13000,57.7462528235294
82,628,1388,49500,40.0
485,628,2195,6500,46.36639436619718
629,628,4623,6000,58.021549832635976
631,628,5007,6500,45.85281526717557
632,628,4819,5000,57.93560801603206
83,629,1388,49500,40.0
479,629,3602,3000,101.9116313207547
484,629,2460,6000,40.432009972602735
628,629,4623,6000,58.021549832635976
633,629,4716,6000,57.85569153374233
84,630,1388,49500,40.0
489,630,2777,3500,62.15086701492537
557,630,2764,8500,44.222528319999995
626,630,3339,11000,46.36825138888888
85,631,1388,49500,40.0
489,631,2847,3500,40.373347517730494
490,631,1929,5000,30.447191684210527
559,631,5256,5000,51.68276813114755
566,631,4651,2000,38.327838708791205
571,631,6192,2000,55.189178157503704
628,631,5007,6500,45.85281526717557
636,631,3540,6500,48.5878971624714
86,632,1388,49500,40.0
502,632,2643,1500,94.94911329341318
571,632,5192,2500,40.134887706185566
628,632,4819,5000,57.93560801603206
633,632,4716,8000,62.45349483443707
636,632,4693,2500,67.50623165467626
87,633,1388,49500,40.0
478,633,3172,5500,99.62169832460732
503,633,4909,7000,84.14453982857141
629,633,4716,6000,57.85569153374233
632,633,4716,8000,62.45349483443707
88,634,1388,49500,40.0
502,634,2552,1500,39.159191815856765
505,634,2887,6000,117.02604891891889
571,634,6072,2000,57.818725428571426
635,634,4716,3500,73.29386829015543
637,634,4712,4500,52.15297416974169
89,635,1388,49500,40.0
504,635,1145,7000,152.61472266666664
634,635,4716,3500,73.29386829015543
640,635,4716,1000,77.72371747252745
705,635,4712,5500,66.82485106382977
90,636,1388,49500,40.0
501,636,1717,5500,166.15156838709677
631,636,3540,6500,48.5878971624714
632,636,4693,2500,67.50623165467626
91,637,1388,49500,40.0
571,637,3449,3500,46.073231224944315
572,637,5839,2500,54.307117674418606
576,637,5239,4000,54.18507237931035
634,637,4712,4500,52.15297416974169
644,637,4618,5000,61.69938053452116
92,638,1388,49500,40.0
640,638,8817,1500,79.77247266968325
642,638,7199,3000,79.38693606617646
707,638,5218,2500,75.97112199029127
815,638,7069,2000,74.13360608391608
825,638,4883,1000,80.69201487603306
826,638,4829,1500,60.35359
93,639,1388,49500,40.0
505,639,2241,6000,55.544408677685944
506,639,1388,5000,46.26786766666667
640,639,4716,3000,80.60237367521367
641,639,4909,8500,62.0012398736842
94,640,1388,49500,40.0
635,640,4716,1000,77.72371747252745
638,640,8817,1500,79.77247266968325
639,640,4716,3000,80.60237367521367
642,640,4716,2000,64.44517804100228
95,641,1388,49500,40.0
639,641,4909,8500,62.0012398736842
642,641,4614,6500,77.96624788732395
646,641,4716,7000,72.5421363076923
648,641,4811,500,61.67049461538462
96,642,1388,49500,40.0
638,642,7199,3000,79.38693606617646
640,642,4716,2000,64.44517804100228
641,642,4614,6500,77.96624788732395
649,642,4912,2000,68.69057286713287
97,643,1388,49500,40.0
576,643,2667,3000,45.320197053824366
578,643,3732,12000,59.06515883905013
644,643,4680,8000,56.94959221095335
98,644,1388,49500,40.0
506,644,3884,5000,89.94881536679537
637,644,4618,5000,61.69938053452116
643,644,4680,8000,56.94959221095335
646,644,4811,5500,55.18506975143403
99,645,1388,49500,40.0
578,645,5068,6000,51.96723446153846
646,645,4987,6000,67.68764497737556
647,645,4036,10000,60.98045153652393
652,645,3834,10000,60.201788010471205
100,646,1388,49500,40.0
507,646,439,1500,17.441133774834434
641,646,4716,7000,72.5421363076923
644,646,4811,5500,55.18506975143403
645,646,4987,6000,67.68764497737556
653,646,4716,4500,68.33679507246377
101,647,1388,49500,40.0
524,647,1291,5500,49.023378607594935
579,647,3648,5500,62.171485738636356
645,647,4036,10000,60.98045153652393
657,647,3508,3500,57.97293487603305
102,648,1388,49500,40.0
641,648,4811,500,61.67049461538462
649,648,4517,3000,60.481017053571414
650,648,4721,3500,70.98254721804511
653,648,4819,5000,73.18954025316455
103,649,1388,49500,40.0
642,649,4912,2000,68.69057286713287
648,649,4517,3000,60.481017053571414
651,649,4713,2000,72.495104
825,649,4908,1500,73.42817955112218
104,650,1388,49500,40.0
453,650,4217,500,89.69866893617021
648,650,4721,3500,70.98254721804511
651,650,4909,2500,67.70250331034482
655,650,4712,3000,57.220469635627516
105,651,1388,49500,40.0
649,651,4713,2000,72.495104
650,651,4909,2500,67.70250331034482
827,651,4716,1000,70.90584751879697
842,651,4721,2000,62.93785853333333
106,652,1388,49500,40.0
452,652,3479,7000,96.17741889400921
525,652,1717,5000,40.083257743190664
645,652,3834,10000,60.201788010471205
653,652,4908,4500,68.63566433566432
107,653,1388,49500,40.0
646,653,4716,4500,68.33679507246377
648,653,4819,5000,73.18954025316455
652,653,4908,4500,68.63566433566432
655,653,5011,2500,62.48787330561331
108,654,1388,49500,40.0
451,654,3229,5000,107.02179049723756
452,654,1826,7000,48.044316578947374
659,654,4909,5500,61.22783563409563
662,654,4909,5000,67.70250331034482
109,655,1388,49500,40.0
451,655,1976,5000,47.787299999999995
650,655,4712,3000,57.220469635627516
653,655,5011,2500,62.48787330561331
663,655,4721,6000,64.5148891571754
110,656,1388,49500,40.0
579,656,5620,3000,50.84658416289592
657,656,4814,7000,51.205397978723404
658,656,4909,4000,62.0012398736842
660,656,3730,3000,58.428125326370754
111,657,1388,49500,40.0
525,657,3602,5000,86.07675633466134
647,657,3508,3500,57.97293487603305
656,657,4814,7000,51.205397978723404
659,657,5106,15000,58.674681724137926
112,658,1388,49500,40.0
510,658,1689,4000,273.829187027027
656,658,4909,4000,62.0012398736842
659,658,4810,5500,51.898931654676254
661,658,3732,6000,61.66858181818181
113,659,1388,49500,40.0
509,659,1770,5000,179.93910610169493
654,659,4909,5500,61.22783563409563
657,659,5106,15000,58.674681724137926
658,659,4810,5500,51.898931654676254
114,660,1388,49500,40.0
582,660,6553,3500,66.85477091836735
656,660,3730,3000,58.428125326370754
661,660,4811,5000,62.606922950108455
902,660,5588,4500,55.497393576158935
115,661,1388,49500,40.0
512,661,1770,2000,183.04150448275863
658,661,3732,6000,61.66858181818181
660,661,4811,5000,62.606922950108455
902,661,6028,3500,45.482119094339616
116,662,1388,49500,40.0
449,662,4238,2000,87.37102226804123
654,662,4909,5000,67.70250331034482
664,662,4814,4500,76.20011730870712
667,662,4810,2500,53.53581818181818
117,663,1388,49500,40.0
449,663,1098,2000,46.69523404255319
655,663,4721,6000,64.5148891571754
665,663,4811,2000,67.27690321678321
841,663,4909,3500,70.79468495192306
118,664,1388,49500,40.0
448,664,4430,3500,95.58328165467626
662,664,4814,4500,76.20011730870712
669,664,4713,5500,73.62783999999999
849,664,7174,5500,73.19324581632652
119,665,1388,49500,40.0
448,665,1057,3500,54.210097948717944
663,665,4811,2000,67.27690321678321
843,665,4712,2000,75.78260589812332
849,665,7365,1000,68.18331175925925
120,666,1388,49500,40.0
510,666,3573,4000,52.53929220588235
521,666,1276,1500,139.19312727272722
667,666,4810,2000,61.65770512820512
668,666,4713,3000,67.63897263157895
121,667,1388,49500,40.0
509,667,3479,5000,41.32772257425742
662,667,4810,2500,53.53581818181818
666,667,4810,2000,61.65770512820512
669,667,4713,7000,65.44696888888888
122,668,1388,49500,40.0
519,668,572,2000,53.65361343749999
666,668,4713,3000,67.63897263157895
669,668,4810,3500,60.74906526315789
850,668,4810,4500,75.14532812499999
123,669,1388,49500,40.0
664,669,4713,5500,73.62783999999999
667,669,4713,7000,65.44696888888888
668,669,4810,3500,60.74906526315789
851,669,4716,5500,61.236868311688305
124,670,1388,49500,40.0
512,670,5506,2000,44.15853176470588
519,670,5167,2000,98.70692331210189
521,670,4390,1500,67.01300763358778
854,670,9523,500,55.408060853540235
902,670,11152,500,64.5737982046332
905,670,7600,1000,45.59275272
125,671,1388,49500,40.0
602,671,4618,3500,58.69284292372882
672,671,4623,2500,75.77677819672131
673,671,4814,4500,72.38056255639097
676,671,4811,3000,73.81532347826086
126,672,1388,49500,40.0
603,672,4909,2000,77.91161095238094
671,672,4623,2500,75.77677819672131
674,672,4811,2000,72.3353169924812
722,672,4618,1000,77.38274262569833
127,673,1388,49500,40.0
671,673,4814,4500,72.38056255639097
674,673,4917,3500,77.01749467362924
678,673,4615,4000,75.6401450819672
683,673,5011,3000,70.39032098360657
128,674,1388,49500,40.0
672,674,4811,2000,72.3353169924812
673,674,4917,3500,77.01749467362924
684,674,4712,1500,65.89023776223776
724,674,4712,2000,62.81535999999999
129,675,1388,49500,40.0
404,675,2484,5500,47.4457205732484
606,675,5011,3500,46.96354228125
676,675,4422,5500,61.403685972222206
677,675,4520,4500,67.78676775
130,676,1388,49500,40.0
607,676,5007,500,43.717021834061136
671,676,4811,3000,73.81532347826086
675,676,4422,5500,61.403685972222206
678,676,4614,3500,67.67241564792175
131,677,1388,49500,40.0
406,677,1321,3000,39.6137409
675,677,4520,4500,67.78676775
678,677,4623,5500,61.22362211920529
687,677,4909,8000,67.39265203661326
132,678,1388,49500,40.0
673,678,4615,4000,75.6401450819672
676,678,4614,3500,67.67241564792175
677,678,4623,5500,61.22362211920529
688,678,4810,7500,69.03302870813397
133,679,1388,49500,40.0
610,679,4909,6500,61.74127660377358
680,679,3534,3500,62.353482352941164
681,679,4909,4000,62.79443270788911
134,680,1388,49500,40.0
404,680,2592,5500,122.41956141732283
488,680,3695,2500,74.63907212121211
611,680,4713,4500,65.14536995391704
679,680,3534,3500,62.353482352941164
135,681,1388,49500,40.0
487,681,2643,3000,116.59192588235292
623,681,4631,4000,64.4501935962877
679,681,4909,4000,62.79443270788911
691,681,4614,12000,69.195045
136,682,1388,49500,40.0
406,682,3548,3000,86.86472179591834
487,682,2425,3000,47.84414427631578
488,682,1634,2500,35.38312981949458
692,682,4819,8000,72.274671
137,683,1388,49500,40.0
673,683,5011,3000,70.39032098360657
684,683,4712,2500,62.81535999999999
685,683,4517,4000,72.64207946380697
688,683,4819,3500,68.99729928400954
138,684,1388,49500,40.0
674,684,4712,1500,65.89023776223776
683,684,4712,2500,62.81535999999999
728,684,4713,3500,72.30969452685422
139,685,1388,49500,40.0
411,685,4698,6000,92.70031203947369
683,685,4517,4000,72.64207946380697
686,685,4520,1500,77.4705917142857
690,685,4908,4000,77.08036649214658
140,686,1388,49500,40.0
685,686,4520,1500,77.4705917142857
730,686,4713,1000,72.30969452685422
141,687,1388,49500,40.0
407,687,1321,6500,46.331860701754394
677,687,4909,8000,67.39265203661326
688,687,4520,6500,61.34549117647059
689,687,4712,7000,56.30858964143426
142,688,1388,49500,40.0
678,688,4810,7500,69.03302870813397
683,688,4819,3500,68.99729928400954
687,688,4520,6500,61.34549117647059
690,688,4810,5000,54.240236842105254
143,689,1388,49500,40.0
408,689,1689,2000,46.263378630136984
687,689,4712,7000,56.30858964143426
690,689,4525,3500,67.86665459999999
699,689,5008,1500,62.19334658385093
144,690,1388,49500,40.0
410,690,4525,2000,93.60917875862067
685,690,4908,4000,77.08036649214658
688,690,4810,5000,54.240236842105254
689,690,4525,3500,67.86665459999999
145,691,1388,49500,40.0
481,691,3716,6500,92.11790950413223
486,691,1717,6500,42.9224885
681,691,4614,12000,69.195045
692,691,4427,8000,62.93607312796209
146,692,1388,49500,40.0
407,692,3952,6500,95.99124631578944
682,692,4819,8000,72.274671
691,692,4427,8000,62.93607312796209
694,692,4713,5500,54.68682893617021
147,693,1388,49500,40.0
479,693,1552,3000,49.52758755319149
483,693,1098,6500,131.68055999999999
694,693,4811,4500,67.43409224299064
703,693,4908,2000,57.397076023391804
148,694,1388,49500,40.0
408,694,3385,2000,96.23756900473934
539,694,1852,5000,179.21405322580642
692,694,4713,5500,54.68682893617021
693,694,4811,4500,67.43409224299064
149,695,1388,49500,40.0
411,695,1025,6000,59.11775423076922
696,695,4810,8500,72.32031578947367
697,695,4713,4500,61.064990410367166
700,695,4814,10500,52.50880810909091
150,696,1388,49500,40.0
695,696,4810,8500,72.32031578947367
698,696,4909,5000,68.33083280742458
734,696,4520,1500,64.55882642857142
151,697,1388,49500,40.0
695,697,4713,4500,61.064990410367166
698,697,4814,4000,73.11353027848101
702,697,4810,5500,72.6846498740554
809,697,4810,2500,73.05267341772151
152,698,1388,49500,40.0
696,698,4909,5000,68.33083280742458
697,698,4814,4000,73.11353027848101
736,698,4614,4500,64.0694861111111
810,698,4615,2000,59.28114154175588
153,699,1388,49500,40.0
538,699,1145,8000,152.61472266666664
689,699,5008,1500,62.19334658385093
700,699,4614,5000,67.67241564792175
701,699,4615,5000,75.6401450819672
154,700,1388,49500,40.0
410,700,1025,2000,56.405930642201824
695,700,4814,10500,52.50880810909091
699,700,4614,5000,67.67241564792175
702,700,4909,4500,57.7462528235294
155,701,1388,49500,40.0
474,701,1321,3500,45.796232254335266
699,701,4615,5000,75.6401450819672
702,701,4623,2500,80.6229675
813,701,4716,2000,63.86328027088036
156,702,1388,49500,40.0
697,702,4810,5500,72.6846498740554
700,702,4909,4500,57.7462528235294
701,702,4623,2500,80.6229675
814,702,4713,3500,62.13866057142857
157,703,1388,49500,40.0
478,703,2115,5500,47.1567394795539
693,703,4908,2000,57.397076023391804
704,703,4614,7500,64.51752447552447
705,703,4422,3500,63.460268755980856
158,704,1388,49500,40.0
538,704,5430,8000,77.9329543062201
539,704,3447,5000,42.373938196721305
703,704,4614,7500,64.51752447552447
706,704,4615,8500,60.84460021978021
159,705,1388,49500,40.0
476,705,3676,3500,109.1590205940594
635,705,4712,5500,66.82485106382977
703,705,4422,3500,63.460268755980856
706,705,4716,5000,68.33679507246377
160,706,1388,49500,40.0
474,706,3884,3500,95.08874767346937
475,706,4055,3500,78.97254097402596
704,706,4615,8500,60.84460021978021
705,706,4716,5000,68.33679507246377
161,707,1388,49500,40.0
473,707,6199,1000,84.7130803189066
475,707,1896,3500,65.36479275862068
476,707,1906,3500,40.98313311827957
638,707,5218,2500,75.97112199029127
162,708,1388,49500,40.0
388,708,2919,2000,60.37611599999999
709,708,9424,3000,81.22675862068965
714,708,9361,4000,80.33219081545063
913,708,26928,3000,80.60656437125749
163,709,1388,49500,40.0
391,709,2043,3000,231.209656981132
708,709,9424,3000,81.22675862068965
711,709,7482,1000,81.75513639344261
713,709,7390,2500,74.87785905405406
803,709,9817,2500,76.58295994798439
164,710,1388,49500,40.0
584,710,7579,1000,79.48111195804195
712,710,4615,3000,54.17669882583169
806,710,4614,2500,78.63073295454545
165,711,1388,49500,40.0
709,711,7482,1000,81.75513639344261
713,711,4909,1000,72.00632992665035
807,711,4419,2500,83.09340037617555
166,712,1388,49500,40.0
393,712,4361,3500,99.83894129770991
584,712,7575,2000,60.74908564171123
710,712,4615,3000,54.17669882583169
713,712,4909,1000,68.80978724299064
167,713,1388,49500,40.0
392,713,2696,1000,154.00428571428571
709,713,7390,2500,74.87785905405406
711,713,4909,1000,72.00632992665035
712,713,4909,1000,68.80978724299064
716,713,5371,2000,47.588516011816836
168,714,1388,49500,40.0
708,714,9361,4000,80.33219081545063
715,714,9130,4500,82.23294594594593
720,714,9327,3500,80.50074716546762
913,714,18322,3500,80.75737692872887
169,715,1388,49500,40.0
391,715,7590,3000,71.59093707547169
714,715,9130,4500,82.23294594594593
717,715,7241,2500,81.04226809701491
719,715,7269,1500,82.57954806818181
721,715,9130,2500,82.72982175226585
170,716,1388,49500,40.0
393,716,987,3500,31.64859978609625
601,716,4712,3000,54.674878143133455
713,716,5371,2000,47.588516011816836
717,716,4618,4000,67.7335497799511
718,716,4222,7000,56.91976705617977
171,717,1388,49500,40.0
392,717,2582,1000,51.984522281879194
715,717,7241,2500,81.04226809701491
716,717,4618,4000,67.7335497799511
719,717,4025,1500,61.90936923076922
172,718,1388,49500,40.0
603,718,4814,1000,72.38056255639097
716,718,4222,7000,56.91976705617977
719,718,4516,1000,72.62499731903485
722,718,4917,2500,77.83034422163588
173,719,1388,49500,40.0
715,719,7269,1500,82.57954806818181
717,719,4025,1500,61.90936923076922
718,719,4516,1000,72.62499731903485
723,719,4810,2000,73.05267341772151
174,720,1388,49500,40.0
714,720,9327,3500,80.50074716546762
721,720,9034,4000,82.35727632218844
726,720,9523,3000,80.80015663366335
913,720,12480,3000,80.93120406486486
175,721,1388,49500,40.0
715,721,9130,2500,82.72982175226585
720,721,9034,4000,82.35727632218844
723,721,7327,1000,81.23956990757854
725,721,7584,2500,82.71582305454545
727,721,9425,3000,80.42235174964436
176,722,1388,49500,40.0
672,722,4618,1000,77.38274262569833
718,722,4917,2500,77.83034422163588
723,722,4811,2000,67.43409224299064
724,722,4618,1000,69.25755465
177,723,1388,49500,40.0
719,723,4810,2000,73.05267341772151
721,723,7327,1000,81.23956990757854
722,723,4811,2000,67.43409224299064
725,723,5008,2000,73.62594705882353
178,724,1388,49500,40.0
674,724,4712,2000,62.81535999999999
722,724,4618,1000,69.25755465
725,724,4525,3000,67.86665459999999
728,724,4810,4500,77.15456149732618
179,725,1388,49500,40.0
721,725,7584,2500,82.71582305454545
723,725,5008,2000,73.62594705882353
724,725,4525,3000,67.86665459999999
729,725,4712,4500,64.38932118451025
180,726,1388,49500,40.0
416,726,3291,2000,128.20323935064934
720,726,9523,3000,80.80015663366335
727,726,9233,4000,82.17244166172104
913,726,12123,4000,77.52985368869933
181,727,1388,49500,40.0
415,727,6831,3500,85.370523125
721,727,9425,3000,80.42235174964436
726,727,9233,4000,82.17244166172104
729,727,7241,1000,76.07470350262697
731,727,7274,2000,82.95410566539923
182,728,1388,49500,40.0
684,728,4713,3500,72.30969452685422
724,728,4810,4500,77.15456149732618
729,728,4520,5000,67.78676775
730,728,4713,3500,67.63897263157895
183,729,1388,49500,40.0
725,729,4712,4500,64.38932118451025
727,729,7241,1000,76.07470350262697
728,729,4520,5000,67.78676775
731,729,4618,4000,64.42563223255814
184,730,1388,49500,40.0
413,730,5102,4000,91.35969241791044
686,730,4713,1000,72.30969452685422
728,730,4713,3500,67.63897263157895
731,730,4811,3000,64.28015919821826
185,731,1388,49500,40.0
414,731,5151,3500,93.91698765957445
727,731,7274,2000,82.95410566539923
729,731,4618,4000,64.42563223255814
730,731,4811,3000,64.28015919821826
186,732,1388,49500,40.0
416,732,6359,2000,72.24720829545453
417,732,13192,3500,80.42233304878047
733,732,9331,3000,82.07159832844573
864,732,10013,4000,75.65137027707809
187,733,1388,49500,40.0
415,733,2827,3500,56.330929634551495
732,733,9331,3000,82.07159832844573
735,733,7241,1000,72.8836505033557
737,733,7567,2500,76.93338050847456
865,733,9429,5000,81.38335890647481
188,734,1388,49500,40.0
413,734,1001,4000,92.39323569230768
696,734,4520,1500,64.55882642857142
735,734,4517,4500,69.29794281329922
736,734,4712,5000,57.92399999999999
189,735,1388,49500,40.0
414,735,1025,3500,113.85641555555553
733,735,7241,1000,72.8836505033557
734,735,4517,4500,69.29794281329922
737,735,4908,3000,56.73352601156068
190,736,1388,49500,40.0
698,736,4614,4500,64.0694861111111
734,736,4712,5000,57.92399999999999
737,736,4525,6500,58.129896873661664
866,736,7579,3500,68.2630571171171
191,737,1388,49500,40.0
733,737,7567,2500,76.93338050847456
735,737,4908,3000,56.73352601156068
736,737,4525,6500,58.129896873661664
866,737,7358,2000,82.34267630597013
192,738,1388,49500,40.0
740,738,5588,1000,78.31875168224298
742,738,6200,2000,69.13322710037174
746,738,9331,1500,64.9336775638051
784,738,4614,1500,78.63073295454545
920,738,9359,1500,68.13462808252426
193,739,1388,49500,40.0
419,739,5492,1500,64.98322568047337
740,739,4912,2000,71.69891912408758
741,739,4321,2000,76.6804652662722
921,739,7405,2000,76.06426273972602
194,740,1388,49500,40.0
738,740,5588,1000,78.31875168224298
739,740,4912,2000,71.69891912408758
742,740,4240,1500,63.73865984962406
920,740,7802,2000,61.666673913043475
195,741,1388,49500,40.0
739,741,4321,2000,76.6804652662722
742,741,4615,500,68.02037616707615
743,741,7607,1000,67.40702295420974
747,741,4909,2500,77.50154984210525
196,742,1388,49500,40.0
738,742,6200,2000,69.13322710037174
740,742,4240,1500,63.73865984962406
741,742,4615,500,68.02037616707615
748,742,4814,2500,77.21883545454544
197,743,1388,49500,40.0
419,743,2619,1500,109.12237999999999
741,743,7607,1000,67.40702295420974
744,743,8668,2500,73.13129037974684
745,743,8671,2000,68.25859433070866
751,743,7793,3000,76.5069229787234
752,743,7544,1500,69.51295225806452
921,743,10741,2500,72.0746690604027
922,743,10452,1000,64.57253382080329
198,744,1388,49500,40.0
743,744,8668,2500,73.13129037974684
745,744,4321,6000,68.38521704485488
922,744,8079,1500,77.66240749999999
199,745,1388,49500,40.0
743,745,8671,2000,68.25859433070866
744,745,4321,6000,68.38521704485488
755,745,4713,4000,59.52229591578947
200,746,1388,49500,40.0
738,746,9331,1500,64.9336775638051
748,746,5597,2000,72.04328575107296
750,746,5795,2000,71.82795409090907
757,746,9524,4000,80.58516507757403
792,746,4908,1000,73.98165829145728
201,747,1388,49500,40.0
741,747,4909,2500,77.50154984210525
748,747,4908,3000,65.14314159292034
749,747,4516,2000,70.36136103896104
752,747,4810,2500,64.55437583892616
202,748,1388,49500,40.0
742,748,4814,2500,77.21883545454544
746,748,5597,2000,72.04328575107296
747,748,4908,3000,65.14314159292034
750,748,4614,4500,56.25613414634146
203,749,1388,49500,40.0
747,749,4516,2000,70.36136103896104
750,749,4909,2000,55.35824988721803
754,749,4614,3500,67.50736097560976
758,749,4811,3000,79.0734013150685
204,750,1388,49500,40.0
746,750,5795,2000,71.82795409090907
748,750,4614,4500,56.25613414634146
749,750,4909,2000,55.35824988721803
759,750,4713,1000,69.12736078239608
205,751,1388,49500,40.0
420,751,4025,3000,93.9480700389105
743,751,7793,3000,76.5069229787234
753,751,4422,8000,60.84034940366971
755,751,5898,3000,72.64426854209444
206,752,1388,49500,40.0
420,752,1459,3000,52.110338214285704
743,752,7544,1500,69.51295225806452
747,752,4810,2500,64.55437583892616
754,752,4520,2000,73.48159105691056
207,753,1388,49500,40.0
421,753,2372,2000,151.39628744680851
751,753,4422,8000,60.84034940366971
756,753,5302,4500,68.25253699570814
762,753,4811,3500,83.65736660869564
208,754,1388,49500,40.0
421,754,2953,2000,61.94357454545454
749,754,4614,3500,67.50736097560976
752,754,4520,2000,73.48159105691056
763,754,5008,1000,77.8222445595855
209,755,1388,49500,40.0
745,755,4713,4000,59.52229591578947
751,755,5898,3000,72.64426854209444
756,755,4680,9000,62.115373805309744
210,756,1388,49500,40.0
753,756,5302,4500,68.25253699570814
755,756,4680,9000,62.115373805309744
766,756,4944,6500,61.39943999999999
211,757,1388,49500,40.0
746,757,9524,4000,80.58516507757403
759,757,5943,1500,80.47665927765237
761,757,6020,3000,76.84070489361702
768,757,9424,2000,75.57997860962566
800,757,4716,3000,76.25723223719676
212,758,1388,49500,40.0
749,758,4811,3000,79.0734013150685
759,758,4712,500,73.04111627906975
760,758,5007,2000,77.60618604651162
763,758,4814,5500,70.95784879606879
213,759,1388,49500,40.0
750,759,4713,1000,69.12736078239608
757,759,5943,1500,80.47665927765237
758,759,4712,500,73.04111627906975
761,759,4712,2000,78.73791643454038
214,760,1388,49500,40.0
758,760,5007,2000,77.60618604651162
761,760,4721,2500,78.02213867768594
765,760,4716,6000,61.10460725701943
769,760,4517,1000,75.26526566666665
215,761,1388,49500,40.0
757,761,6020,3000,76.84070489361702
759,761,4712,2000,78.73791643454038
760,761,4721,2500,78.02213867768594
770,761,4712,1500,73.99715183246073
216,762,1388,49500,40.0
422,762,982,1000,67.68896551724137
753,762,4811,3500,83.65736660869564
763,762,4713,2500,67.47754310262529
764,762,4419,500,59.166952499999994
217,763,1388,49500,40.0
754,763,5008,1000,77.8222445595855
758,763,4814,5500,70.95784879606879
762,763,4713,2500,67.47754310262529
765,763,4615,4500,58.90275127659574
218,764,1388,49500,40.0
423,764,1119,1000,111.90755899999999
762,764,4419,500,59.166952499999994
765,764,4917,3500,69.4063540235294
773,764,5008,3000,72.73459176755448
219,765,1388,49500,40.0
760,765,4716,6000,61.10460725701943
763,765,4615,4500,58.90275127659574
764,765,4917,3500,69.4063540235294
774,765,4615,6000,69.03813740648378
220,766,1388,49500,40.0
422,766,4909,1000,81.58057878116342
756,766,4944,6500,61.39943999999999
767,766,4944,3500,81.02712983606555
221,767,1388,49500,40.0
423,767,5627,1000,82.72649838235293
766,767,4944,3500,81.02712983606555
777,767,4749,6000,62.19852982532751
222,768,1388,49500,40.0
584,768,9621,5000,56.86167954679802
757,768,9424,2000,75.57997860962566
770,768,5943,1500,56.320947962085306
772,768,6146,1500,71.0415352601156
808,768,4712,4500,78.73791643454038
223,769,1388,49500,40.0
760,769,4517,1000,75.26526566666665
770,769,4615,2500,73.04562823218997
771,769,4618,2000,61.01987193832599
774,769,4909,1000,56.52704211132436
224,770,1388,49500,40.0
761,770,4712,1500,73.99715183246073
768,770,5943,1500,56.320947962085306
769,770,4615,2500,73.04562823218997
772,770,5007,5500,74.15702222222222
225,771,1388,49500,40.0
585,771,4908,3000,75.88840206185566
769,771,4618,2000,61.01987193832599
772,771,4819,5000,73.37530050761421
776,771,4713,2500,72.495104
226,772,1388,49500,40.0
586,772,4615,3000,72.28274960835508
768,772,6146,1500,71.0415352601156
770,772,5007,5500,74.15702222222222
771,772,4819,5000,73.37530050761421
227,773,1388,49500,40.0
424,773,1098,1000,50.646369230769224
764,773,5008,3000,72.73459176755448
774,773,4909,4000,72.71750355555554
775,773,4517,2000,80.16418828402365
228,774,1388,49500,40.0
765,774,4615,6000,69.03813740648378
769,774,4909,1000,56.52704211132436
773,774,4909,4000,72.71750355555554
776,774,4614,3000,69.02248877805486
229,775,1388,49500,40.0
425,775,2374,2000,54.3641796183206
589,775,5105,2500,61.61466398390341
773,775,4517,2000,80.16418828402365
776,775,4810,2500,75.73702362204723
230,776,1388,49500,40.0
590,776,5007,7500,63.09578571428572
771,776,4713,2500,72.495104
774,776,4614,3000,69.02248877805486
775,776,4810,2500,75.73702362204723
231,777,1388,49500,40.0
424,777,5359,1000,86.41757338709677
767,777,4749,6000,62.19852982532751
778,777,5581,3000,71.8433692274678
779,777,4762,2500,75.57115444444445
232,778,1388,49500,40.0
429,778,3857,6500,83.53742122743682
597,778,6656,500,37.5260234774436
777,778,5581,3000,71.8433692274678
779,778,4721,4000,54.67574583011583
233,779,1388,49500,40.0
425,779,2794,2000,113.24468148648648
427,779,4143,7000,93.78296332075472
777,779,4762,2500,75.57115444444445
778,779,4721,4000,54.67574583011583
234,780,1388,49500,40.0
781,780,9523,3500,80.5722295345557
785,780,9228,2500,64.81971428571428
914,780,18594,2000,82.49814275147928
916,780,9991,500,75.57548073139975
235,781,1388,49500,40.0
780,781,9523,3500,80.5722295345557
782,781,9328,3000,82.77705195266273
786,781,9130,2500,81.021195
917,781,10009,1000,80.69667008064515
236,782,1388,49500,40.0
781,782,9328,3000,82.77705195266273
783,782,9621,3000,82.21453666666666
787,782,8933,3500,75.26594662921347
917,782,11095,3000,80.77117514563108
918,782,10287,500,64.95526225263157
237,783,1388,49500,40.0
782,783,9621,3000,82.21453666666666
784,783,6290,3500,76.37779688259107
788,783,7451,1500,80.82073920433994
789,783,7358,1000,77.70365228873239
918,783,10826,500,65.07153913827653
919,783,10197,1500,67.96501813333333
238,784,1388,49500,40.0
738,784,4614,1500,78.63073295454545
783,784,6290,3500,76.37779688259107
792,784,9326,1000,72.37377749029754
919,784,9286,2500,75.79020465306124
239,785,1388,49500,40.0
780,785,9228,2500,64.81971428571428
786,785,9424,4000,80.41795732574678
793,785,9327,4000,80.38508517241378
914,785,12469,2500,80.95108857142857
240,786,1388,49500,40.0
781,786,9130,2500,81.021195
785,786,9424,4000,80.41795732574678
787,786,9424,1500,81.22675862068965
794,786,9424,3000,82.05199419448475
241,787,1388,49500,40.0
782,787,8933,3500,75.26594662921347
786,787,9424,1500,81.22675862068965
789,787,7551,500,75.12252895522387
791,787,7700,500,80.46995832752611
795,787,9523,4500,81.2599014793741
242,788,1388,49500,40.0
783,788,7451,1500,80.82073920433994
789,788,4713,2000,64.40339535307517
790,788,4418,1500,78.40304733727811
792,788,4390,2000,75.24603428571427
243,789,1388,49500,40.0
783,789,7358,1000,77.70365228873239
787,789,7551,500,75.12252895522387
788,789,4713,2000,64.40339535307517
791,789,4614,1500,80.22613913043477
244,790,1388,49500,40.0
788,790,4418,1500,78.40304733727811
791,790,4713,2000,61.19716571428571
792,790,4631,2500,81.22232
796,790,4810,2000,72.50202512562812
245,791,1388,49500,40.0
787,791,7700,500,80.46995832752611
789,791,4614,1500,80.22613913043477
790,791,4713,2000,61.19716571428571
797,791,4912,1500,80.73494728767123
246,792,1388,49500,40.0
746,792,4908,1000,73.98165829145728
784,792,9326,1000,72.37377749029754
788,792,4390,2000,75.24603428571427
790,792,4631,2500,81.22232
800,792,9326,500,70.01868585732164
247,793,1388,49500,40.0
785,793,9327,4000,80.38508517241378
794,793,9327,3500,80.38508517241378
801,793,9425,3000,80.42235174964436
914,793,11766,2000,81.12799931034483
248,794,1388,49500,40.0
786,794,9424,3000,82.05199419448475
793,794,9327,3500,80.38508517241378
795,794,9523,4000,81.2599014793741
802,794,9327,3000,75.50339983805667
249,795,1388,49500,40.0
787,795,9523,4500,81.2599014793741
794,795,9523,4000,81.2599014793741
797,795,7269,1500,75.17586444827586
799,795,7620,2500,80.05330119089317
803,795,9228,2500,75.51983083219645
250,796,1388,49500,40.0
790,796,4810,2000,72.50202512562812
797,796,4912,1000,82.313563575419
798,796,4713,1000,64.40339535307517
800,796,4435,500,80.37669570996978
251,797,1388,49500,40.0
791,797,4912,1500,80.73494728767123
795,797,7269,1500,75.17586444827586
796,797,4912,1000,82.313563575419
799,797,4909,1000,80.68654504109588
252,798,1388,49500,40.0
796,798,4713,1000,64.40339535307517
799,798,4924,2000,80.7069124590164
800,798,4657,1000,80.73310959537571
804,798,4814,3000,64.46393852678571
253,799,1388,49500,40.0
795,799,7620,2500,80.05330119089317
797,799,4909,1000,80.68654504109588
798,799,4924,2000,80.7069124590164
805,799,4517,6000,75.26526566666665
254,800,1388,49500,40.0
757,800,4716,3000,76.25723223719676
792,800,9326,500,70.01868585732164
796,800,4435,500,80.37669570996978
798,800,4657,1000,80.73310959537571
808,800,9621,500,46.57918644067796
255,801,1388,49500,40.0
389,801,12086,2500,75.67698043841335
793,801,9425,3000,80.42235174964436
802,801,9522,2000,80.56800846262341
913,801,33632,3500,80.95955971107543
256,802,1388,49500,40.0
388,802,7123,2000,89.39402033472803
794,802,9327,3000,75.50339983805667
801,802,9522,2000,80.56800846262341
803,802,9424,2500,81.22675862068965
257,803,1388,49500,40.0
709,803,9817,2500,76.58295994798439
795,803,9228,2500,75.51983083219645
802,803,9424,2500,81.22675862068965
805,803,7405,1000,75.29072786440676
807,803,7657,1000,80.02392334494773
258,804,1388,49500,40.0
798,804,4814,3000,64.46393852678571
805,804,4615,4500,76.90081416666665
806,804,4909,2000,77.50154984210525
808,804,4568,2500,79.6539191860465
259,805,1388,49500,40.0
799,805,4517,6000,75.26526566666665
803,805,7405,1000,75.29072786440676
804,805,4615,4500,76.90081416666665
807,805,4811,2000,75.75273354330709
260,806,1388,49500,40.0
710,806,4614,2500,78.63073295454545
804,806,4909,2000,77.50154984210525
807,806,4810,2000,49.24198976109214
808,806,4793,1500,79.42948508287293
261,807,1388,49500,40.0
711,807,4419,2500,83.09340037617555
803,807,7657,1000,80.02392334494773
805,807,4811,2000,75.75273354330709
806,807,4810,2000,49.24198976109214
262,808,1388,49500,40.0
584,808,10090,500,56.88927992481202
768,808,4712,4500,78.73791643454038
800,808,9621,500,46.57918644067796
804,808,4568,2500,79.6539191860465
806,808,4793,1500,79.42948508287293
263,809,1388,49500,40.0
697,809,4810,2500,73.05267341772151
810,809,4712,1000,67.78635971223021
811,809,4810,2500,73.05267341772151
814,809,4713,2500,76.20779126684636
264,810,1388,49500,40.0
698,810,4615,2000,59.28114154175588
809,810,4712,1000,67.78635971223021
812,810,4811,3500,71.97454234413965
866,810,7365,2500,68.07825272727273
265,811,1388,49500,40.0
809,811,4810,2500,73.05267341772151
812,811,4614,2500,72.078171875
816,811,5011,3000,78.88888992125985
817,811,4716,2500,73.10447844961239
266,812,1388,49500,40.0
810,812,4811,3500,71.97454234413965
811,812,4614,2500,72.078171875
818,812,5011,2000,77.26649629820051
866,812,7297,1000,67.65484404945904
267,813,1388,49500,40.0
472,813,3011,3000,129.96228690647482
473,813,1198,1000,49.919225000000004
701,813,4716,2000,63.86328027088036
814,813,4917,6000,78.4513310106383
268,814,1388,49500,40.0
702,814,4713,3500,62.13866057142857
809,814,4713,2500,76.20779126684636
813,814,4917,6000,78.4513310106383
816,814,4721,2500,71.7013578227848
269,815,1388,49500,40.0
471,815,5218,3000,81.51068296875
472,815,2327,3000,62.88580810810809
638,815,7069,2000,74.13360608391608
821,815,4716,2500,79.02634960893853
270,816,1388,49500,40.0
471,816,1057,3000,103.97674524590163
811,816,5011,3000,78.88888992125985
814,816,4721,2500,71.7013578227848
822,816,4713,2500,72.495104
271,817,1388,49500,40.0
470,817,987,1000,79.97686702702701
811,817,4716,2500,73.10447844961239
818,817,4623,3500,67.31626412621358
819,817,4810,3500,82.2102735042735
272,818,1388,49500,40.0
812,818,5011,2000,77.26649629820051
817,818,4623,3500,67.31626412621358
820,818,4520,1500,63.64954718309859
869,818,7147,1500,67.72852919431278
273,819,1388,49500,40.0
469,819,1062,3000,187.3500670588235
817,819,4810,3500,82.2102735042735
820,819,4418,1500,75.28474431818182
829,819,4728,3000,74.84142506596305
274,820,1388,49500,40.0
818,820,4520,1500,63.64954718309859
819,820,4418,1500,75.28474431818182
830,820,4909,500,62.0012398736842
869,820,7147,1500,75.74586392226146
275,821,1388,49500,40.0
815,821,4716,2500,79.02634960893853
822,821,4811,2000,73.06782653164557
823,821,4712,4000,75.78260589812332
826,821,4721,2500,64.5148891571754
276,822,1388,49500,40.0
470,822,5143,1000,91.82677928571428
816,822,4713,2500,72.495104
821,822,4811,2000,73.06782653164557
824,822,4811,2000,73.06782653164557
277,823,1388,49500,40.0
821,823,4712,4000,75.78260589812332
824,823,4716,2000,71.6238814177215
828,823,4712,3000,73.61174999999999
833,823,4713,3000,68.79097459854013
278,824,1388,49500,40.0
469,824,5699,3000,85.25252394014963
822,824,4811,2000,73.06782653164557
823,824,4716,2000,71.6238814177215
834,824,4909,9000,58.783610658682626
279,825,1388,49500,40.0
638,825,4883,1000,80.69201487603306
649,825,4908,1500,73.42817955112218
826,825,4615,2000,75.22905733695652
827,825,4909,1000,67.70250331034482
280,826,1388,49500,40.0
638,826,4829,1500,60.35359
821,826,4721,2500,64.5148891571754
825,826,4615,2000,75.22905733695652
828,826,5007,2000,76.22739593908629
281,827,1388,49500,40.0
651,827,4716,1000,70.90584751879697
825,827,4909,1000,67.70250331034482
828,827,4716,2000,70.90584751879697
837,827,4615,2500,72.09451328124999
282,828,1388,49500,40.0
823,828,4712,3000,73.61174999999999
826,828,5007,2000,76.22739593908629
827,828,4716,2000,70.90584751879697
838,828,4623,500,76.40303256198347
283,829,1388,49500,40.0
457,829,4909,1000,80.68654504109588
468,829,2681,2500,120.93558541353381
819,829,4728,3000,74.84142506596305
834,829,4712,7500,53.23335593220339
284,830,1388,49500,40.0
468,830,2425,2500,51.03375389473683
820,830,4909,500,62.0012398736842
832,830,4614,500,67.34310948905109
872,830,7239,3000,72.85692382550334
285,831,1388,49500,40.0
457,831,1098,1000,91.44483333333332
836,831,4811,1000,78.42878119565216
845,831,7269,1000,73.03517819095477
286,832,1388,49500,40.0
459,832,2050,2000,96.82277858267715
830,832,4614,500,67.34310948905109
872,832,7080,2000,67.52612317965023
287,833,1388,49500,40.0
455,833,3453,3000,76.71104155555554
823,833,4713,3000,68.79097459854013
834,833,4728,10500,58.00593067484662
838,833,4909,2000,65.30064066518847
288,834,1388,49500,40.0
456,834,3169,5500,94.57461850746269
824,834,4909,9000,58.783610658682626
829,834,4712,7500,53.23335593220339
833,834,4728,10500,58.00593067484662
289,835,1388,49500,40.0
455,835,1906,3000,40.12033031578947
836,835,4712,6000,75.78260589812332
840,835,4721,3500,73.56373075324674
846,835,7047,1500,60.73766939655172
290,836,1388,49500,40.0
456,836,1826,5500,45.452714439834025
831,836,4811,1000,78.42878119565216
835,836,4712,6000,75.78260589812332
846,836,7112,2500,67.29553675078864
291,837,1388,49500,40.0
827,837,4615,2500,72.09451328124999
838,837,4520,3000,71.54276279683377
839,837,4814,2500,58.46122360323886
842,837,4909,2000,81.58057878116342
292,838,1388,49500,40.0
454,838,3198,3000,99.38868031088082
828,838,4623,500,76.40303256198347
833,838,4909,2000,65.30064066518847
837,838,4520,3000,71.54276279683377
293,839,1388,49500,40.0
837,839,4814,2500,58.46122360323886
840,839,4713,2000,72.495104
844,839,4716,1500,71.6238814177215
847,839,7241,2000,68.08566724137931
294,840,1388,49500,40.0
454,840,1936,3000,47.407444653061226
835,840,4721,3500,73.56373075324674
839,840,4713,2000,72.495104
847,840,7401,2500,69.37198471875
295,841,1388,49500,40.0
453,841,1198,500,48.570056756756756
663,841,4909,3500,70.79468495192306
842,841,4712,3500,72.47926153846153
843,841,4721,500,67.75606779904307
296,842,1388,49500,40.0
651,842,4721,2000,62.93785853333333
837,842,4909,2000,81.58057878116342
841,842,4712,3500,72.47926153846153
844,842,4712,1500,72.47926153846153
297,843,1388,49500,40.0
665,843,4712,2000,75.78260589812332
841,843,4721,500,67.75606779904307
844,843,5007,3000,70.66728
848,843,7363,2000,68.4760465116279
298,844,1388,49500,40.0
839,844,4716,1500,71.6238814177215
842,844,4712,1500,72.47926153846153
843,844,5007,3000,70.66728
848,844,7657,3500,76.55622
299,845,1388,49500,40.0
459,845,5855,2000,45.49485015544042
467,845,3548,2500,101.82706622009567
831,845,7269,1000,73.03517819095477
846,845,9334,2500,71.23976465648855
875,845,9625,3000,80.86644705882354
300,846,1388,49500,40.0
835,846,7047,1500,60.73766939655172
836,846,7112,2500,67.29553675078864
845,846,9334,2500,71.23976465648855
847,846,9719,3500,76.01499183833114
856,846,9527,1500,75.99739204787234
301,847,1388,49500,40.0
839,847,7241,2000,68.08566724137931
840,847,7401,2500,69.37198471875
846,847,9719,3500,76.01499183833114
848,847,9621,5000,75.74095110236219
857,847,9328,3500,67.49974320868517
302,848,1388,49500,40.0
447,848,6137,4000,65.85703202146689
843,848,7363,2000,68.4760465116279
844,848,7657,3500,76.55622
847,848,9621,5000,75.74095110236219
858,848,9130,3000,75.54527975172414
303,849,1388,49500,40.0
447,849,3479,4000,111.60695133689836
664,849,7174,5500,73.19324581632652
665,849,7365,1000,68.18331175925925
851,849,7327,2000,61.64180549789621
853,849,7265,2500,67.56303255813951
859,849,9233,5500,75.25030663043476
304,850,1388,49500,40.0
668,850,4810,4500,75.14532812499999
851,850,4615,3500,57.675610625
852,850,4517,2500,73.82968839237056
854,850,4303,2500,76.36313999999999
305,851,1388,49500,40.0
669,851,4716,5500,61.236868311688305
849,851,7327,2000,61.64180549789621
850,851,4615,3500,57.675610625
853,851,4615,1500,67.35837737226277
306,852,1388,49500,40.0
850,852,4517,2500,73.82968839237056
853,852,4810,2000,82.68139255014324
854,852,4520,500,70.42781064935065
860,852,7203,2000,71.06995342105262
307,853,1388,49500,40.0
849,853,7265,2500,67.56303255813951
851,853,4615,1500,67.35837737226277
852,853,4810,2000,82.68139255014324
860,853,7365,2500,76.57328599653381
308,854,1388,49500,40.0
670,854,9523,500,55.408060853540235
850,854,4303,2500,76.36313999999999
852,854,4520,500,70.42781064935065
861,854,9228,500,61.30236544850498
905,854,7944,1000,57.20661392557022
907,854,6734,3500,67.66888020100501
309,855,1388,49500,40.0
466,855,3385,5000,121.59357520958085
467,855,6103,2500,62.263702857142846
856,855,9331,4000,75.53688267206476
878,855,9523,2500,71.49650906132665
310,856,1388,49500,40.0
846,856,9527,1500,75.99739204787234
855,856,9331,4000,75.53688267206476
857,856,9625,3000,75.77249763779528
863,856,9531,2000,80.86460766619518
311,857,1388,49500,40.0
847,857,9328,3500,67.49974320868517
856,857,9625,3000,75.77249763779528
858,857,9527,3000,76.60863112600536
885,857,10018,3500,81.31685691474966
312,858,1388,49500,40.0
446,858,2283,8500,56.83522107883816
848,858,9130,3000,75.54527975172414
857,858,9527,3000,76.60863112600536
886,858,10338,5000,80.85143186440678
313,859,1388,49500,40.0
446,859,7636,8500,87.91792180422266
849,859,9233,5500,75.25030663043476
860,859,9228,4000,67.75524602203181
887,859,10413,4000,67.82537719869705
314,860,1388,49500,40.0
852,860,7203,2000,71.06995342105262
853,860,7365,2500,76.57328599653381
859,860,9228,4000,67.75524602203181
861,860,5893,2500,75.38003756929636
888,860,10071,3500,72.5276162304922
315,861,1388,49500,40.0
854,861,9228,500,61.30236544850498
860,861,5893,2500,75.38003756929636
888,861,10920,4000,72.30132072847681
907,861,7498,1500,68.46287652968034
910,861,10865,1500,67.82100755463058
316,862,1388,49500,40.0
465,862,7201,3500,95.9877912
466,862,6392,5000,71.01106966666666
863,862,9527,1000,67.4734814876033
889,862,10116,500,80.90901551999998
317,863,1388,49500,40.0
856,863,9531,2000,80.86460766619518
862,863,9527,1000,67.4734814876033
885,863,9524,500,81.04238587234042
890,863,10212,3000,68.21411044543429
318,864,1388,49500,40.0
732,864,10013,4000,75.65137027707809
865,864,9075,4500,80.76688228486647
867,864,9721,1500,67.72634195121951
913,864,26392,2500,67.80167511777302
319,865,1388,49500,40.0
733,865,9429,5000,81.38335890647481
864,865,9075,4500,80.76688228486647
866,865,9633,1000,82.31726512820512
868,865,9927,500,48.33699813311688
320,866,1388,49500,40.0
736,866,7579,3500,68.2630571171171
737,866,7358,2000,82.34267630597013
810,866,7365,2500,68.07825272727273
812,866,7297,1000,67.65484404945904
865,866,9633,1000,82.31726512820512
868,866,13121,1500,75.90315529411767
869,866,9731,2500,70.92933390036451
321,867,1388,49500,40.0
864,867,9721,1500,67.72634195121951
868,867,9351,3500,75.90878801082545
870,867,9426,1500,82.30871117903929
322,868,1388,49500,40.0
865,868,9927,500,48.33699813311688
866,868,13121,1500,75.90315529411767
867,868,9351,3500,75.90878801082545
869,868,9625,2000,82.24877948717949
871,868,10018,2500,72.48873010856454
323,869,1388,49500,40.0
818,869,7147,1500,67.72852919431278
820,869,7147,1500,75.74586392226146
866,869,9731,2500,70.92933390036451
868,869,9625,2000,82.24877948717949
872,869,9426,2500,71.03779469849245
324,870,1388,49500,40.0
867,870,9426,1500,82.30871117903929
871,870,9425,5500,72.66955434447299
325,871,1388,49500,40.0
868,871,10018,2500,72.48873010856454
870,871,9425,5500,72.66955434447299
872,871,9527,2000,82.34875910662824
874,871,9523,2500,72.58667184243963
326,872,1388,49500,40.0
460,872,7733,3500,79.16082307167235
830,872,7239,3000,72.85692382550334
832,872,7080,2000,67.52612317965023
869,872,9426,2500,71.03779469849245
871,872,9527,2000,82.34875910662824
327,873,1388,49500,40.0
462,873,5248,1500,91.25352556521737
874,873,9326,2000,72.65575324675325
328,874,1388,49500,40.0
461,874,3908,2000,99.76649004255319
871,874,9523,2500,72.58667184243963
873,874,9326,2000,72.65575324675325
875,874,9351,4000,82.37385365638767
329,875,1388,49500,40.0
460,875,1770,3500,48.03804190045249
845,875,9625,3000,80.86644705882354
874,875,9351,4000,82.37385365638767
878,875,9236,1000,67.81657314565483
330,876,1388,49500,40.0
462,876,4410,1500,60.81465172413793
877,876,9345,1500,72.70613968871594
879,876,9916,1000,73.25269729064038
331,877,1388,49500,40.0
461,877,6336,2000,64.74511839863713
876,877,9345,1500,72.70613968871594
878,877,9248,1000,72.8018022047244
880,877,9228,2000,71.06037997432605
332,878,1388,49500,40.0
855,878,9523,2500,71.49650906132665
875,878,9236,1000,67.81657314565483
877,878,9248,1000,72.8018022047244
881,878,10018,4500,75.68407715365238
333,879,1388,49500,40.0
876,879,9916,1000,73.25269729064038
880,879,9425,500,72.66955434447299
882,879,9522,1000,72.58286912325285
334,880,1388,49500,40.0
877,880,9228,2000,71.06037997432605
879,880,9425,500,72.66955434447299
881,880,9449,2500,72.6717226923077
883,880,9425,1000,80.6518021112696
335,881,1388,49500,40.0
465,881,2484,3500,60.07240427419354
878,881,10018,4500,75.68407715365238
880,881,9449,2500,72.6717226923077
884,881,9819,3000,83.07641449929477
336,882,1388,49500,40.0
879,882,9522,1000,72.58286912325285
883,882,9328,1000,72.67180145454546
337,883,1388,49500,40.0
464,883,4487,2000,68.66259734693878
880,883,9425,1000,80.6518021112696
882,883,9328,1000,72.67180145454546
338,884,1388,49500,40.0
464,884,5410,2000,102.05461981132075
881,884,9819,3000,83.07641449929477
889,884,9527,1500,72.7099730534351
339,885,1388,49500,40.0
445,885,7623,1000,71.78271861852433
857,885,10018,3500,81.31685691474966
863,885,9524,500,81.04238587234042
892,885,11162,500,80.67231339759034
340,886,1388,49500,40.0
445,886,2643,1000,151.01430399999998
858,886,10338,5000,80.85143186440678
887,886,9228,500,80.92987719298245
892,886,9127,1000,80.51663152941177
341,887,1388,49500,40.0
859,887,10413,4000,67.82537719869705
886,887,9228,500,80.92987719298245
888,887,10614,1500,80.69544897338403
893,887,9328,500,81.45165519650655
342,888,1388,49500,40.0
860,888,10071,3500,72.5276162304922
861,888,10920,4000,72.30132072847681
887,888,10614,1500,80.69544897338403
894,888,9328,1000,80.6300967146974
910,888,10061,2000,80.36640055925433
343,889,1388,49500,40.0
862,889,10116,500,80.90901551999998
884,889,9527,1500,72.7099730534351
895,889,11513,500,80.39747804423749
344,890,1388,49500,40.0
863,890,10212,3000,68.21411044543429
891,890,10081,1000,80.41987404255318
896,890,11094,2000,80.5661362953995
345,891,1388,49500,40.0
890,891,10081,1000,80.41987404255318
896,891,11899,500,80.47365429537767
897,891,7549,1500,80.43942575488454
899,891,9657,1000,80.68323777158774
346,892,1388,49500,40.0
885,892,11162,500,80.67231339759034
886,892,9127,1000,80.51663152941177
897,892,6878,1000,81.54233928853753
347,893,1388,49500,40.0
887,893,9328,500,81.45165519650655
894,893,10614,2000,81.41778675191816
898,893,10052,2000,80.61567537433153
901,893,15341,500,80.86794411247803
348,894,1388,49500,40.0
888,894,9328,1000,80.6300967146974
893,894,10614,2000,81.41778675191816
910,894,14235,500,80.32890874882408
349,895,1388,49500,40.0
889,895,11513,500,80.39747804423749
896,895,10129,500,80.90399081225034
350,896,1388,49500,40.0
890,896,11094,2000,80.5661362953995
891,896,11899,500,80.47365429537767
895,896,10129,500,80.90399081225034
899,896,12427,500,80.76705841820151
351,897,1388,49500,40.0
443,897,1625,500,74.98410323076922
891,897,7549,1500,80.43942575488454
892,897,6878,1000,81.54233928853753
899,897,8805,500,80.0306360909091
352,898,1388,49500,40.0
442,898,10060,500,92.98393645608628
443,898,6150,500,92.6987752763819
893,898,10052,2000,80.61567537433153
900,898,7529,1500,80.65141232142857
353,899,1388,49500,40.0
442,899,2485,500,53.63178992805756
891,899,9657,1000,80.68323777158774
896,899,12427,500,80.76705841820151
897,899,8805,500,80.0306360909091
354,900,1388,49500,40.0
898,900,7529,1500,80.65141232142857
901,900,10596,500,80.56061110266158
355,901,1388,49500,40.0
893,901,15341,500,80.86794411247803
900,901,10596,500,80.56061110266158
356,902,1388,49500,40.0
513,902,5054,3500,84.44345732590529
541,902,6071,2500,45.41280119700748
542,902,3486,10500,49.672008456057
660,902,5588,4500,55.497393576158935
661,902,6028,3500,45.482119094339616
670,902,11152,500,64.5737982046332
357,903,1388,49500,40.0
514,903,4124,3000,94.79155333333331
516,903,11609,6000,77.72493582589284
542,903,6780,10500,66.24121973941368
543,903,1459,3500,62.53240585714285
544,903,5283,5000,58.79590486085344
358,904,1388,49500,40.0
544,904,4055,5000,74.84166959999999
906,904,9220,4500,67.94340508599507
359,905,1388,49500,40.0
513,905,9492,3500,62.4344927631579
514,905,10810,3000,57.537925661047026
670,905,7600,1000,45.59275272
854,905,7944,1000,57.20661392557022
906,905,12468,3000,77.26431297520661
907,905,9156,5000,77.35505450704225
360,906,1388,49500,40.0
516,906,1802,6000,66.7323811111111
904,906,9220,4500,67.94340508599507
905,906,12468,3000,77.26431297520661
908,906,9661,3500,75.95610306684142
909,906,10169,1500,53.13677649825784
931,906,36458,500,147.97335060893099
361,907,1388,49500,40.0
854,907,6734,3500,67.66888020100501
861,907,7498,1500,68.46287652968034
905,907,9156,5000,77.35505450704225
908,907,9036,3000,69.85440324742268
910,907,14341,2500,77.78383171790234
362,908,1388,49500,40.0
517,908,2643,2500,62.182360470588236
906,908,9661,3500,75.95610306684142
907,908,9036,3000,69.85440324742268
911,908,14366,2500,75.46410068301225
912,908,12884,1500,62.734465957792196
363,909,1388,49500,40.0
517,909,6942,2500,94.85439840546697
906,909,10169,1500,53.13677649825784
912,909,10668,1500,65.1041011190234
364,910,1388,49500,40.0
861,910,10865,1500,67.82100755463058
888,910,10061,2000,80.36640055925433
894,910,14235,500,80.32890874882408
907,910,14341,2500,77.78383171790234
911,910,7565,4500,64.55079123755334
365,911,1388,49500,40.0
518,911,5838,3500,66.57442448669201
908,911,14366,2500,75.46410068301225
910,911,7565,4500,64.55079123755334
366,912,1388,49500,40.0
518,912,3486,3500,127.51168024390243
908,912,12884,1500,62.734465957792196
909,912,10668,1500,65.1041011190234
367,913,1388,49500,40.0
417,913,5033,3500,87.50469547826087
708,913,26928,3000,80.60656437125749
714,913,18322,3500,80.75737692872887
720,913,12480,3000,80.93120406486486
726,913,12123,4000,77.52985368869933
801,913,33632,3500,80.95955971107543
864,913,26392,2500,67.80167511777302
368,914,1388,49500,40.0
389,914,5314,2500,80.49631969696968
780,914,18594,2000,82.49814275147928
785,914,12469,2500,80.95108857142857
793,914,11766,2000,81.12799931034483
915,914,24768,500,67.96619149130832
369,915,1388,49500,40.0
914,915,24768,500,67.96619149130832
916,915,9424,500,72.1094693877551
370,916,1388,49500,40.0
780,916,9991,500,75.57548073139975
915,916,9424,500,72.1094693877551
917,916,9326,1000,73.22634816753927
371,917,1388,49500,40.0
781,917,10009,1000,80.69667008064515
782,917,11095,3000,80.77117514563108
916,917,9326,1000,73.22634816753927
918,917,9817,500,72.34925823095823
372,918,1388,49500,40.0
782,918,10287,500,64.95526225263157
783,918,10826,500,65.07153913827653
917,918,9817,500,72.34925823095823
919,918,9621,1500,73.14526235741444
373,919,1388,49500,40.0
783,919,10197,1500,67.96501813333333
784,919,9286,2500,75.79020465306124
918,919,9621,1500,73.14526235741444
920,919,9228,3000,80.45935465116278
924,919,13742,1000,80.97496390962671
374,920,1388,49500,40.0
738,920,9359,1500,68.13462808252426
740,920,7802,2000,61.666673913043475
919,920,9228,3000,80.45935465116278
921,920,9621,1500,80.83277974789915
375,921,1388,49500,40.0
418,921,3763,2000,58.47372777202072
739,921,7405,2000,76.06426273972602
743,921,10741,2500,72.0746690604027
920,921,9621,1500,80.83277974789915
376,922,1388,49500,40.0
418,922,6844,2000,86.07583308176099
743,922,10452,1000,64.57253382080329
744,922,8079,1500,77.66240749999999
377,923,1388,49500,40.0
418,923,16724,5000,111.71656102449887
378,924,1388,49500,40.0
919,924,13742,1000,80.97496390962671
379,925,1388,49500,40.0
390,925,11362,3500,98.35392112554112
380,926,1388,49500,40.0
417,926,10493,3500,100.07253519872813
381,927,1388,49500,40.0
462,927,12435,3500,95.87985501285345
382,928,1388,49500,40.0
463,928,26802,3500,100.73791729323307
383,929,1388,49500,40.0
442,929,52918,3500,503.07590681458004
384,930,1388,49500,40.0
518,930,61728,3500,397.3035334763948
385,931,1388,49500,40.0
906,931,36458,500,147.97335060893099
386,932,1388,49500,40.0
515,932,16806,5000,170.004823608769
387,933,1388,49500,40.0
534,933,9829,3500,98.93114677852348
